"Date","Price","Open","High","Low","Vol.","Change %"
"12/30/2024","32,060","32,030","32,450","31,945","4.07M","-0.26%"
"12/27/2024","32,145","32,180","32,320","31,875","3.78M","-0.28%"
"12/26/2024","32,235","32,540","32,540","32,210","2.79M","-0.59%"
"12/24/2024","32,425","32,545","32,580","32,290","2.89M","0.08%"
"12/23/2024","32,400","32,140","32,510","32,025","3.86M","1.68%"
"12/20/2024","31,865","32,195","32,195","31,625","6.88M","-1.44%"
"12/19/2024","32,330","32,255","32,495","32,175","4.14M","-2.27%"
"12/18/2024","33,080","32,700","33,180","32,700","2.29M","1.41%"
"12/17/2024","32,620","32,955","32,975","32,570","3.10M","-1.15%"
"12/16/2024","33,000","33,345","33,440","32,935","3.65M","-0.36%"
"12/13/2024","33,120","32,890","33,255","32,810","4.45M","0.45%"
"12/12/2024","32,970","32,710","33,070","32,590","6.22M","1.43%"
"12/11/2024","32,505","32,025","32,525","32,010","4.47M","1.04%"
"12/10/2024","32,170","31,840","32,245","31,825","5.32M","2.03%"
"12/09/2024","31,530","31,880","32,015","31,500","9.38M","-2.49%"
"12/06/2024","32,335","32,585","32,730","31,840","10.93M","-0.51%"
"12/05/2024","32,500","32,755","32,800","32,375","5.21M","-0.70%"
"12/04/2024","32,730","32,595","32,970","32,475","8.27M","-1.36%"
"12/03/2024","33,180","32,865","33,260","32,865","4.37M","1.47%"
"12/02/2024","32,700","32,960","33,010","32,575","5.43M","0.18%"
"11/29/2024","32,640","33,150","33,150","32,415","7.11M","-1.89%"
"11/28/2024","33,270","33,275","33,425","33,200","3.11M","-0.30%"
"11/27/2024","33,370","33,525","33,660","33,280","3.70M","-0.77%"
"11/26/2024","33,630","33,520","33,660","33,465","3.78M","-0.31%"
"11/25/2024","33,735","33,645","33,870","33,520","5.43M","1.17%"
"11/22/2024","33,345","33,205","33,500","33,145","4.01M","0.89%"
"11/21/2024","33,050","32,835","33,230","32,820","5.80M","0.12%"
"11/20/2024","33,010","32,890","33,085","32,810","3.33M","0.20%"
"11/19/2024","32,945","32,775","33,020","32,770","4.33M","0.35%"
"11/18/2024","32,830","32,440","33,095","32,420","5.05M","2.32%"
"11/15/2024","32,085","31,870","32,280","31,680","7.47M","0.72%"
"11/14/2024","31,855","32,035","32,250","31,810","7.87M","-0.42%"
"11/13/2024","31,990","32,565","32,755","31,940","8.98M","-2.56%"
"11/12/2024","32,830","33,365","33,460","32,790","7.90M","-2.09%"
"11/11/2024","33,530","33,865","33,870","33,420","5.85M","-1.61%"
"11/08/2024","34,080","34,440","34,560","33,980","4.20M","-0.12%"
"11/07/2024","34,120","33,985","34,360","33,805","4.69M","-0.04%"
"11/06/2024","34,135","34,355","34,470","33,850","6.53M","-0.23%"
"11/05/2024","34,215","34,090","34,350","34,030","3.73M","-0.57%"
"11/04/2024","34,410","33,930","34,430","33,835","4.65M","1.67%"
"11/01/2024","33,845","33,820","34,055","33,720","3.31M","-0.70%"
"10/31/2024","34,085","34,215","34,380","34,005","4.86M","-1.32%"
"10/30/2024","34,540","34,775","34,825","34,440","3.99M","-1.30%"
"10/29/2024","34,995","34,850","34,995","34,655","2.74M","0.26%"
"10/28/2024","34,905","34,635","34,965","34,605","3.29M","0.91%"
"10/25/2024","34,590","34,610","34,900","34,460","3.70M","0.07%"
"10/24/2024","34,565","34,650","34,780","34,495","3.36M","-0.83%"
"10/23/2024","34,855","34,445","34,985","34,315","3.81M","1.29%"
"10/22/2024","34,410","34,780","34,815","34,310","4.30M","-1.46%"
"10/21/2024","34,920","34,840","35,085","34,710","3.06M","0.29%"
"10/18/2024","34,820","35,090","35,145","34,660","3.95M","-0.59%"
"10/17/2024","35,025","35,050","35,090","34,845","2.75M","0.23%"
"10/16/2024","34,945","34,780","35,085","34,690","4.07M","-0.91%"
"10/15/2024","35,265","35,320","35,345","35,040","3.03M","0.36%"
"10/14/2024","35,140","34,800","35,265","34,800","3.11M","1.18%"
"10/11/2024","34,730","34,895","35,055","34,670","3.65M","0.13%"
"10/10/2024","34,685","34,900","34,950","34,635","3.62M","0.19%"
"10/08/2024","34,620","34,605","34,725","34,440","2.98M","-0.76%"
"10/07/2024","34,885","34,425","34,975","34,175","3.81M","1.59%"
"10/04/2024","34,340","34,270","34,640","34,140","4.51M","-0.04%"
"10/02/2024","34,355","34,160","34,670","34,095","3.43M","-1.05%"
"09/30/2024","34,720","35,760","35,830","34,720","4.55M","-2.29%"
"09/27/2024","35,535","35,765","36,025","35,535","4.14M","-0.41%"
"09/26/2024","35,680","35,125","35,680","35,110","4.65M","3.36%"
"09/25/2024","34,520","35,360","35,535","34,520","5.45M","-1.47%"
"09/24/2024","35,035","34,805","35,035","34,525","4.56M","1.20%"
"09/23/2024","34,620","34,610","34,695","34,480","2.02M","0.30%"
"09/20/2024","34,515","34,805","35,000","34,515","4.25M","0.25%"
"09/19/2024","34,430","34,695","34,725","33,965","5.17M","-0.17%"
"09/13/2024","34,490","34,435","34,645","34,235","2.79M","0.22%"
"09/12/2024","34,415","34,105","34,415","34,045","3.57M","2.29%"
"09/11/2024","33,645","33,890","33,915","33,355","4.35M","-0.94%"
"09/10/2024","33,965","34,130","34,215","33,850","3.98M","-0.43%"
"09/09/2024","34,110","33,640","34,240","33,500","4.81M","-0.67%"
"09/06/2024","34,340","34,675","34,700","34,095","4.28M","-0.89%"
"09/05/2024","34,650","34,875","35,185","34,460","3.79M","-0.16%"
"09/04/2024","34,705","34,865","35,150","34,645","5.89M","-3.48%"
"09/03/2024","35,955","36,260","36,420","35,950","3.00M","-0.84%"
"09/02/2024","36,260","36,300","36,340","35,865","3.51M","-0.11%"
"08/30/2024","36,300","36,310","36,410","36,160","4.17M","0.53%"
"08/29/2024","36,110","36,020","36,235","35,910","3.97M","-1.33%"
"08/28/2024","36,595","36,505","36,595","36,270","3.28M","0.18%"
"08/27/2024","36,530","36,680","36,695","36,435","2.67M","-0.50%"
"08/26/2024","36,715","37,025","37,070","36,595","2.69M","-0.53%"
"08/23/2024","36,910","36,710","37,045","36,695","2.98M","-0.07%"
"08/22/2024","36,935","36,995","37,045","36,735","3.21M","0.15%"
"08/21/2024","36,880","36,695","36,960","36,690","3.08M","-0.14%"
"08/20/2024","36,930","36,960","37,105","36,795","3.37M","1.00%"
"08/19/2024","36,565","37,000","37,025","36,415","4.62M","-0.88%"
"08/16/2024","36,890","36,835","36,980","36,690","5.11M","2.37%"
"08/14/2024","36,035","36,145","36,240","35,930","4.57M","0.94%"
"08/13/2024","35,700","35,715","35,890","35,525","3.52M","0.34%"
"08/12/2024","35,580","35,430","35,715","35,355","2.76M","1.15%"
"08/09/2024","35,175","35,360","35,390","34,990","6.07M","1.37%"
"08/08/2024","34,700","34,355","34,935","34,160","7.03M","-0.74%"
"08/07/2024","34,960","34,040","35,330","33,900","9.91M","2.28%"
"08/06/2024","34,180","34,585","35,200","33,830","13.44M","2.77%"
"08/05/2024","33,260","35,660","35,660","32,445","21.95M","-9.18%"
"08/02/2024","36,620","37,240","37,315","36,460","6.39M","-4.02%"
"08/01/2024","38,155","38,435","38,465","38,125","2.75M","0.08%"
"07/31/2024","38,125","37,575","38,125","37,500","2.43M","1.46%"
"07/30/2024","37,575","37,495","37,655","37,435","3.50M","-1.33%"
"07/29/2024","38,080","37,870","38,225","37,760","2.32M","1.20%"
"07/26/2024","37,630","37,505","37,745","37,425","2.51M","0.53%"
"07/25/2024","37,430","37,575","37,625","37,285","4.42M","-1.82%"
"07/24/2024","38,125","38,025","38,400","37,945","2.63M","-0.59%"
"07/23/2024","38,350","38,525","38,680","38,265","3.54M","0.29%"
"07/22/2024","38,240","38,590","38,635","38,035","3.82M","-1.00%"
"07/19/2024","38,625","38,655","38,720","38,350","3.98M","-1.18%"
"07/18/2024","39,085","38,870","39,085","38,705","3.47M","-0.74%"
"07/17/2024","39,375","39,710","39,730","39,350","2.53M","-0.83%"
"07/16/2024","39,705","39,550","39,830","39,505","3.83M","0.06%"
"07/15/2024","39,680","39,650","39,685","39,320","2.93M","0.63%"
"07/12/2024","39,430","39,665","39,735","39,260","3.40M","-1.38%"
"07/11/2024","39,980","40,055","40,190","39,860","4.07M","0.62%"
"07/10/2024","39,735","39,595","39,795","39,585","2.67M","-0.04%"
"07/09/2024","39,750","39,860","39,870","39,515","3.04M","0.35%"
"07/08/2024","39,610","39,695","39,825","39,600","2.78M","-0.33%"
"07/05/2024","39,740","39,225","39,885","39,215","5.07M","1.85%"
"07/04/2024","39,020","38,815","39,020","38,805","2.82M","1.34%"
"07/03/2024","38,505","38,505","38,520","38,180","3.26M","0.42%"
"07/02/2024","38,345","38,415","38,570","38,230","3.42M","-0.71%"
"07/01/2024","38,620","38,390","38,645","38,355","2.76M","0.19%"
"06/28/2024","38,545","38,460","38,545","38,300","2.72M","0.59%"
"06/27/2024","38,320","37,970","38,345","37,885","3.59M","-0.12%"
"06/26/2024","38,365","37,870","38,365","37,805","2.65M","0.83%"
"06/25/2024","38,050","37,950","38,140","37,905","2.44M","0.29%"
"06/24/2024","37,940","37,950","38,055","37,780","2.20M","-0.76%"
"06/21/2024","38,230","38,260","38,335","38,025","2.51M","-0.86%"
"06/20/2024","38,560","38,375","38,650","38,325","2.61M","0.39%"
"06/19/2024","38,410","38,195","38,430","38,160","3.26M","1.49%"
"06/18/2024","37,845","37,710","37,910","37,610","2.82M","1.05%"
"06/17/2024","37,450","37,470","37,635","37,365","5.37M","-0.54%"
"06/14/2024","37,655","37,550","37,795","37,490","3.47M","0.33%"
"06/13/2024","37,530","37,735","37,980","37,530","4.54M","0.68%"
"06/12/2024","37,275","36,875","37,275","36,875","2.69M","0.88%"
"06/11/2024","36,950","36,990","37,030","36,760","2.80M","0.09%"
"06/10/2024","36,915","36,805","37,130","36,685","2.30M","-0.87%"
"06/07/2024","37,240","37,105","37,395","37,000","2.97M","1.32%"
"06/05/2024","36,755","36,695","36,860","36,430","2.88M","1.00%"
"06/04/2024","36,390","36,430","36,580","36,315","3.00M","-0.74%"
"06/03/2024","36,660","36,265","36,805","36,250","2.95M","1.81%"
"05/31/2024","36,010","36,325","36,410","36,010","3.27M","-0.04%"
"05/30/2024","36,025","36,380","36,385","35,995","4.66M","-1.81%"
"05/29/2024","36,690","37,100","37,190","36,615","4.97M","-1.46%"
"05/28/2024","37,235","37,080","37,305","37,025","2.11M","0.11%"
"05/27/2024","37,195","36,785","37,275","36,705","4.00M","1.39%"
"05/24/2024","36,685","36,715","36,825","36,585","4.57M","-1.56%"
"05/23/2024","37,265","37,215","37,440","36,980","3.89M","0.00%"
"05/22/2024","37,265","37,200","37,375","36,950","3.61M","0.00%"
"05/21/2024","37,265","37,335","37,420","37,215","2.67M","-0.52%"
"05/20/2024","37,460","37,480","37,695","37,355","2.71M","0.83%"
"05/17/2024","37,150","37,515","37,545","37,145","2.25M","-1.17%"
"05/16/2024","37,590","37,870","37,950","37,560","3.57M","0.95%"
"05/14/2024","37,235","37,260","37,290","37,115","3.25M","0.20%"
"05/13/2024","37,160","37,335","37,425","36,995","2.89M","-0.19%"
"05/10/2024","37,230","37,360","37,490","37,150","3.06M","0.51%"
"05/09/2024","37,040","37,480","37,515","36,980","2.48M","-1.12%"
"05/08/2024","37,460","37,310","37,495","37,260","1.90M","0.35%"
"05/07/2024","37,330","37,075","37,370","37,075","3.01M","2.32%"
"05/03/2024","36,485","36,900","36,920","36,470","3.63M","-0.08%"
"05/02/2024","36,515","36,355","36,615","36,335","2.35M","-0.37%"
"04/30/2024","36,650","36,540","36,865","36,455","2.44M","0.36%"
"04/29/2024","36,520","36,465","36,550","36,310","1.86M","-0.23%"
"04/26/2024","36,605","36,570","36,720","36,360","4.15M","1.15%"
"04/25/2024","36,190","36,375","36,510","36,190","2.49M","-1.72%"
"04/24/2024","36,825","36,650","36,940","36,650","3.91M","1.84%"
"04/23/2024","36,160","36,280","36,365","36,075","2.81M","-0.11%"
"04/22/2024","36,200","36,025","36,290","35,880","3.34M","1.34%"
"04/19/2024","35,720","35,845","35,955","35,175","15.13M","-1.88%"
"04/18/2024","36,405","35,875","36,475","35,820","3.82M","1.75%"
"04/17/2024","35,780","36,250","36,355","35,780","4.88M","-1.09%"
"04/16/2024","36,175","36,565","36,670","35,995","7.09M","-2.31%"
"04/15/2024","37,030","36,940","37,045","36,575","5.36M","-0.44%"
"04/12/2024","37,195","37,565","37,615","37,160","4.13M","-0.97%"
"04/11/2024","37,560","36,980","37,725","36,915","5.64M","-0.04%"
"04/09/2024","37,575","38,000","38,085","37,520","2.62M","-0.62%"
"04/08/2024","37,810","37,730","37,895","37,625","2.67M","0.42%"
"04/05/2024","37,650","37,675","37,905","37,505","3.09M","-1.03%"
"04/04/2024","38,040","37,925","38,085","37,855","2.91M","1.43%"
"04/03/2024","37,505","37,850","37,870","37,490","3.83M","-1.51%"
"04/02/2024","38,080","37,950","38,255","37,860","3.81M","0.28%"
"04/01/2024","37,975","38,305","38,345","37,970","2.65M","0.07%"
"03/29/2024","37,950","37,990","38,100","37,765","2.41M","0.33%"
"03/28/2024","37,825","37,830","38,020","37,730","2.74M","-0.05%"
"03/27/2024","37,845","37,630","37,950","37,595","2.09M","0.05%"
"03/26/2024","37,825","37,770","38,210","37,740","4.28M","0.99%"
"03/25/2024","37,455","37,755","37,895","37,375","3.14M","-0.40%"
"03/22/2024","37,605","37,710","37,910","37,450","2.73M","-0.29%"
"03/21/2024","37,715","37,315","37,785","37,295","5.63M","2.71%"
"03/20/2024","36,720","36,360","36,740","36,360","3.30M","1.76%"
"03/19/2024","36,085","36,235","36,235","35,885","4.88M","-1.19%"
"03/18/2024","36,520","36,405","36,530","36,210","3.00M","0.72%"
"03/17/2024","36,260","36,405","36,455","36,220","259.43K","-0.08%"
"03/15/2024","36,290","36,685","36,770","36,290","3.60M","-1.88%"
"03/14/2024","36,985","36,695","37,020","36,695","4.42M","0.90%"
"03/13/2024","36,655","36,625","36,805","36,490","6.16M","0.47%"
"03/12/2024","36,485","36,290","36,565","36,110","5.99M","0.86%"
"03/11/2024","36,175","36,270","36,410","36,130","3.40M","-0.84%"
"03/10/2024","36,480","36,480","36,480","36,480","","0.00%"
"03/08/2024","36,480","36,385","36,615","36,340","4.16M","1.46%"
"03/07/2024","35,955","36,070","36,200","35,785","3.36M","0.07%"
"03/06/2024","35,930","35,880","36,015","35,765","2.75M","-0.36%"
"03/05/2024","36,060","36,235","36,545","36,060","3.43M","-0.80%"
"03/04/2024","36,350","36,210","36,540","36,150","4.11M","1.44%"
"03/03/2024","35,835","35,835","35,835","35,835","","0.00%"
"02/29/2024","35,835","35,800","35,950","35,610","2.65M","-0.26%"
"02/28/2024","35,930","35,585","36,040","35,495","3.98M","1.23%"
"02/27/2024","35,495","35,815","35,900","35,455","3.08M","-0.85%"
"02/26/2024","35,800","35,875","35,960","35,510","3.99M","-0.80%"
"02/25/2024","36,090","36,090","36,090","36,090","","0.00%"
"02/23/2024","36,090","36,300","36,510","36,040","3.72M","0.31%"
"02/22/2024","35,980","36,130","36,165","35,845","3.44M","0.52%"
"02/21/2024","35,795","35,855","36,110","35,675","3.73M","-0.22%"
"02/20/2024","35,875","36,200","36,220","35,670","3.88M","-1.17%"
"02/19/2024","36,300","35,845","36,375","35,840","3.72M","1.57%"
"02/18/2024","35,740","35,740","35,740","35,740","","0.00%"
"02/16/2024","35,740","35,670","35,775","35,480","4.46M","1.00%"
"02/15/2024","35,385","35,805","35,825","35,360","3.30M","-0.14%"
"02/14/2024","35,435","35,370","35,570","35,250","4.87M","-1.36%"
"02/13/2024","35,925","35,915","36,130","35,850","5.12M","1.23%"
"02/08/2024","35,490","35,595","35,755","35,430","4.30M","0.11%"
"02/07/2024","35,450","35,130","35,730","35,120","4.91M","1.42%"
"02/06/2024","34,955","34,945","35,250","34,750","7.23M","-0.38%"
"02/05/2024","35,090","35,425","35,425","34,650","6.52M","-1.21%"
"02/04/2024","35,520","35,520","35,520","35,520","","0.00%"
"02/02/2024","35,520","34,690","35,575","34,665","7.57M","3.23%"
"02/01/2024","34,410","33,790","34,465","33,775","4.86M","1.71%"
"01/31/2024","33,830","33,740","33,920","33,735","4.70M","-0.49%"
"01/30/2024","33,995","34,230","34,365","33,915","4.62M","-0.45%"
"01/29/2024","34,150","33,865","34,370","33,780","4.04M","1.19%"
"01/28/2024","33,750","33,750","33,750","33,750","","0.00%"
"01/26/2024","33,750","33,530","34,090","33,415","4.08M","0.18%"
"01/25/2024","33,690","33,670","33,740","33,480","4.92M","0.12%"
"01/24/2024","33,650","33,805","33,805","33,370","2.57M","-0.38%"
"01/23/2024","33,780","33,760","33,845","33,560","2.69M","0.52%"
"01/22/2024","33,605","33,925","33,945","33,605","3.48M","0.10%"
"01/19/2024","33,570","33,420","33,630","33,380","5.31M","1.50%"
"01/18/2024","33,075","33,015","33,185","32,840","6.78M","0.47%"
"01/17/2024","32,920","33,885","33,915","32,905","9.35M","-2.44%"
"01/16/2024","33,745","34,010","34,155","33,705","4.80M","-1.37%"
"01/15/2024","34,215","34,165","34,365","34,085","3.16M","0.43%"
"01/14/2024","34,070","34,070","34,070","34,070","","0.00%"
"01/12/2024","34,070","34,280","34,405","34,005","4.70M","-0.96%"
"01/11/2024","34,400","34,410","34,610","34,290","3.58M","0.16%"
"01/10/2024","34,345","34,725","34,795","34,320","2.37M","-1.09%"
"01/09/2024","34,725","35,310","35,365","34,630","5.36M","-0.37%"
"01/08/2024","34,855","35,155","35,245","34,815","3.88M","-0.33%"
"01/07/2024","34,970","34,970","34,970","34,970","","0.00%"
"01/05/2024","34,970","35,055","35,170","34,910","3.82M","-0.29%"
"01/04/2024","35,070","35,110","35,350","34,975","5.51M","-0.88%"
"01/03/2024","35,380","35,975","35,975","35,380","5.94M","-2.78%"
"01/02/2024","36,390","35,985","36,530","35,925","3.90M","0.61%"
"12/28/2023","36,170","35,600","36,170","35,540","6.38M","1.64%"
"12/27/2023","35,585","35,260","35,585","35,165","8.18M","1.11%"
"12/26/2023","35,195","35,225","35,250","35,025","2.46M","0.41%"
"12/22/2023","35,050","35,265","35,335","35,050","2.27M","0.31%"
"12/21/2023","34,940","34,910","35,060","34,775","3.40M","-0.65%"
"12/20/2023","35,170","34,765","35,170","34,750","6.10M","1.93%"
"12/19/2023","34,505","34,385","34,525","34,280","2.49M","0.09%"
"12/18/2023","34,475","34,455","34,515","34,280","1.82M","0.32%"
"12/17/2023","34,365","34,365","34,365","34,365","","0.00%"
"12/15/2023","34,365","34,280","34,680","34,280","3.81M","0.57%"
"12/14/2023","34,170","34,220","34,375","34,055","3.96M","1.21%"
"12/13/2023","33,760","34,075","34,075","33,745","3.36M","-0.97%"
"12/12/2023","34,090","34,035","34,195","34,025","9.04M","0.41%"
"12/11/2023","33,950","33,905","33,950","33,690","4.49M","0.34%"
"12/08/2023","33,835","33,630","33,855","33,615","5.72M","1.45%"
"12/07/2023","33,350","33,375","33,505","33,250","5.65M","-0.39%"
"12/06/2023","33,480","33,530","33,675","33,480","4.94M","0.33%"
"12/05/2023","33,370","33,585","33,610","33,370","2.58M","-1.10%"
"12/04/2023","33,740","33,810","33,890","33,680","3.61M","0.51%"
"12/03/2023","33,570","33,570","33,570","33,570","","0.00%"
"12/01/2023","33,570","33,780","33,780","33,550","2.83M","-1.13%"
"11/30/2023","33,955","33,685","33,955","33,595","2.65M","0.58%"
"11/29/2023","33,760","33,815","33,815","33,530","2.59M","-0.32%"
"11/28/2023","33,870","33,600","33,870","33,570","2.40M","1.15%"
"11/27/2023","33,485","33,535","33,695","33,370","2.36M","-0.12%"
"11/26/2023","33,525","33,525","33,525","33,525","","0.00%"
"11/24/2023","33,525","33,790","33,855","33,515","1.99M","-0.78%"
"11/23/2023","33,790","33,800","33,895","33,650","2.35M","0.01%"
"11/22/2023","33,785","33,490","33,850","33,430","2.89M","0.18%"
"11/21/2023","33,725","33,730","33,875","33,670","3.67M","0.48%"
"11/20/2023","33,565","33,250","33,680","33,220","4.57M","0.80%"
"11/19/2023","33,300","33,300","33,300","33,300","","0.00%"
"11/17/2023","33,300","33,445","33,460","33,210","3.64M","-0.51%"
"11/16/2023","33,470","33,470","33,575","33,315","2.74M","-0.07%"
"11/15/2023","33,495","33,470","33,520","33,220","6.97M","2.17%"
"11/14/2023","32,785","32,725","32,880","32,695","2.85M","1.03%"
"11/13/2023","32,450","32,795","32,815","32,345","4.03M","-0.08%"
"11/12/2023","32,475","32,475","32,475","32,475","","0.00%"
"11/10/2023","32,475","32,335","32,495","32,215","2.89M","-0.57%"
"11/09/2023","32,660","32,505","32,780","32,445","2.06M","0.48%"
"11/08/2023","32,505","33,050","33,110","32,420","2.73M","-0.93%"
"11/07/2023","32,810","33,155","33,215","32,490","5.52M","-1.81%"
"11/06/2023","33,415","32,445","33,415","32,335","6.73M","4.68%"
"11/03/2023","31,920","31,900","31,985","31,765","1.94M","1.01%"
"11/02/2023","31,600","31,600","31,750","31,520","3.95M","1.66%"
"11/01/2023","31,085","30,855","31,150","30,840","2.23M","1.39%"
"10/31/2023","30,660","31,205","31,270","30,625","2.90M","-1.22%"
"10/30/2023","31,040","30,810","31,120","30,800","2.32M","0.27%"
"10/29/2023","30,955","30,955","30,955","30,955","","-0.32%"
"10/27/2023","31,055","31,165","31,230","30,940","3.87M","0.10%"
"10/26/2023","31,025","31,355","31,420","30,995","4.56M","-2.56%"
"10/25/2023","31,840","32,105","32,120","31,830","2.89M","-0.55%"
"10/24/2023","32,015","31,920","32,035","31,375","4.23M","0.77%"
"10/23/2023","31,770","31,905","31,985","31,715","2.43M","-0.53%"
"10/22/2023","31,940","31,940","31,940","31,940","","0.00%"
"10/20/2023","31,940","32,175","32,200","31,815","4.27M","-1.51%"
"10/19/2023","32,430","32,635","32,675","32,410","2.55M","-1.91%"
"10/18/2023","33,060","32,835","33,090","32,825","1.86M","0.43%"
"10/17/2023","32,920","32,750","32,995","32,680","1.91M","1.23%"
"10/16/2023","32,520","32,610","32,755","32,320","2.18M","-0.76%"
"10/13/2023","32,770","32,755","32,880","32,685","1.96M","-0.88%"
"10/12/2023","33,060","32,865","33,075","32,865","3.85M","1.13%"
"10/11/2023","32,690","32,595","32,925","32,590","4.06M","1.68%"
"10/10/2023","32,150","32,405","32,665","32,130","3.12M","0.23%"
"10/09/2023","32,075","32,075","32,075","32,075","","0.00%"
"10/06/2023","32,075","32,060","32,225","32,005","2.84M","0.19%"
"10/05/2023","32,015","32,235","32,260","32,000","5.74M","0.03%"
"10/04/2023","32,005","32,480","32,480","31,990","5.84M","-2.65%"
"09/27/2023","32,875","32,620","32,875","32,595","2.79M","0.24%"
"09/26/2023","32,795","33,230","33,240","32,760","7.53M","-1.31%"
"09/25/2023","33,230","33,105","33,295","33,055","2.25M","0.09%"
"09/24/2023","33,200","33,200","33,200","33,200","","0.00%"
"09/22/2023","33,200","33,005","33,290","32,930","3.35M","-0.36%"
"09/21/2023","33,320","33,715","33,780","33,315","3.94M","-1.75%"
"09/20/2023","33,915","33,900","34,025","33,825","2.78M","-0.01%"
"09/19/2023","33,920","34,250","34,250","33,870","1.68M","-0.76%"
"09/18/2023","34,180","34,325","34,490","34,175","1.93M","-1.20%"
"09/15/2023","34,595","34,190","34,725","34,170","3.68M","1.30%"
"09/14/2023","34,150","33,770","34,150","33,755","2.45M","1.41%"
"09/13/2023","33,675","33,650","33,835","33,570","2.66M","0.07%"
"09/12/2023","33,650","33,940","33,970","33,630","2.35M","-0.52%"
"09/11/2023","33,825","33,745","33,845","33,625","1.63M","0.28%"
"09/10/2023","33,730","33,730","33,730","33,730","","0.00%"
"09/08/2023","33,730","33,725","33,740","33,480","1.32M","0.15%"
"09/07/2023","33,680","33,755","33,855","33,600","1.19M","-0.50%"
"09/06/2023","33,850","34,025","34,125","33,815","1.29M","-0.70%"
"09/05/2023","34,090","34,040","34,195","34,010","1.04M","-0.10%"
"09/04/2023","34,125","34,010","34,125","33,850","1.54M","0.63%"
"09/01/2023","33,910","33,485","33,970","33,475","3.94M","1.00%"
"08/31/2023","33,575","33,630","33,675","33,430","1.03M","0.04%"
"08/30/2023","33,560","33,790","33,825","33,560","1.47M","0.30%"
"08/29/2023","33,460","33,470","33,515","33,350","1.40M","0.47%"
"08/28/2023","33,305","33,290","33,340","33,160","1.51M","0.68%"
"08/25/2023","33,080","32,980","33,210","32,960","1.67M","-1.09%"
"08/24/2023","33,445","33,345","33,465","33,300","2.23M","1.36%"
"08/23/2023","32,995","32,905","33,085","32,855","2.28M","-0.21%"
"08/22/2023","33,065","33,135","33,290","32,935","3.05M","0.39%"
"08/21/2023","32,935","32,985","33,175","32,900","2.40M","0.08%"
"08/20/2023","32,910","32,910","32,910","32,910","","0.00%"
"08/18/2023","32,910","32,700","33,090","32,655","4.39M","-0.53%"
"08/17/2023","33,085","32,980","33,085","32,655","4.40M","-0.30%"
"08/16/2023","33,185","33,435","33,445","33,140","2.76M","-1.50%"
"08/15/2023","33,690","33,690","33,690","33,690","","0.00%"
"08/14/2023","33,690","33,890","34,000","33,585","1.82M","-0.90%"
"08/13/2023","33,995","33,995","33,995","33,995","","0.00%"
"08/11/2023","33,995","34,175","34,370","33,975","1.90M","-0.32%"
"08/10/2023","34,105","34,005","34,105","33,970","2.38M","-0.32%"
"08/09/2023","34,215","33,900","34,295","33,895","2.56M","1.09%"
"08/08/2023","33,845","34,250","34,290","33,770","2.34M","-0.84%"
"08/07/2023","34,130","34,040","34,380","34,000","1.84M","-0.25%"
"08/06/2023","34,215","34,215","34,215","34,215","","0.00%"
"08/04/2023","34,215","34,275","34,320","34,110","2.65M","0.01%"
"08/03/2023","34,210","34,450","34,555","34,080","2.29M","-0.67%"
"08/02/2023","34,440","34,975","35,015","34,395","2.04M","-2.17%"
"08/01/2023","35,205","34,720","35,210","34,715","2.62M","1.65%"
"07/31/2023","34,635","34,685","34,800","34,565","2.41M","0.45%"
"07/30/2023","34,480","34,480","34,480","34,480","","0.00%"
"07/28/2023","34,480","34,415","34,535","34,225","2.15M","-0.45%"
"07/27/2023","34,635","34,330","34,680","34,260","3.02M","1.21%"
"07/26/2023","34,220","34,655","34,720","34,165","3.13M","-1.30%"
"07/25/2023","34,670","34,680","34,760","34,445","2.25M","0.17%"
"07/24/2023","34,610","34,365","34,725","34,215","2.63M","0.65%"
"07/23/2023","34,385","34,385","34,385","34,385","","0.00%"
"07/21/2023","34,385","34,100","34,385","33,895","2.30M","0.10%"
"07/20/2023","34,350","34,230","34,485","34,200","1.91M","-0.30%"
"07/19/2023","34,455","34,685","34,710","34,350","2.18M","-0.12%"
"07/18/2023","34,495","34,810","34,850","34,460","2.72M","-0.65%"
"07/17/2023","34,720","34,670","34,865","34,635","1.90M","-0.39%"
"07/16/2023","34,855","34,855","34,855","34,855","","0.00%"
"07/14/2023","34,855","34,540","34,855","34,450","3.30M","1.51%"
"07/13/2023","34,335","34,320","34,455","34,295","2.31M","0.79%"
"07/12/2023","34,065","33,850","34,070","33,750","1.33M","0.65%"
"07/11/2023","33,845","33,475","33,845","33,440","1.85M","1.84%"
"07/10/2023","33,235","33,340","33,505","33,185","2.37M","-0.17%"
"07/09/2023","33,290","33,290","33,290","33,290","","0.00%"
"07/07/2023","33,290","33,575","33,580","33,185","4.21M","-1.42%"
"07/06/2023","33,770","34,010","34,020","33,730","2.39M","-0.76%"
"07/05/2023","34,030","34,300","34,430","34,030","2.01M","-0.95%"
"07/04/2023","34,355","34,475","34,525","34,335","3.06M","-0.39%"
"07/03/2023","34,490","34,085","34,515","34,085","2.66M","1.56%"
"07/02/2023","33,960","33,960","33,960","33,960","","0.00%"
"06/30/2023","33,960","33,870","34,050","33,620","2.90M","0.30%"
"06/29/2023","33,860","33,965","34,175","33,860","2.16M","-0.01%"
"06/28/2023","33,865","34,175","34,175","33,805","2.35M","-0.54%"
"06/27/2023","34,050","34,000","34,070","33,885","1.87M","-0.04%"
"06/26/2023","34,065","33,840","34,100","33,805","1.14M","0.50%"
"06/23/2023","33,895","34,195","34,225","33,855","2.56M","-0.48%"
"06/22/2023","34,060","33,910","34,180","33,895","1.40M","0.25%"
"06/21/2023","33,975","34,230","34,235","33,960","1.96M","-0.93%"
"06/20/2023","34,295","34,260","34,340","34,155","1.65M","-0.17%"
"06/19/2023","34,355","34,445","34,490","34,260","1.23M","-0.55%"
"06/16/2023","34,545","34,555","34,575","34,350","2.59M","0.48%"
"06/15/2023","34,380","34,585","34,700","34,340","2.62M","-0.35%"
"06/14/2023","34,500","34,670","34,710","34,435","2.43M","-0.49%"
"06/13/2023","34,670","34,705","34,785","34,575","2.71M","0.48%"
"06/12/2023","34,505","34,810","34,855","34,420","2.13M","-0.65%"
"06/09/2023","34,730","34,450","34,780","34,340","2.82M","1.33%"
"06/08/2023","34,275","34,215","34,300","34,100","2.10M","-0.13%"
"06/07/2023","34,320","34,495","34,580","34,320","2.42M","-0.22%"
"06/06/2023","34,395","34,395","34,395","34,395","","0.00%"
"06/05/2023","34,395","34,500","34,515","34,345","3.80M","0.29%"
"06/04/2023","34,295","34,295","34,295","34,295","","0.00%"
"06/02/2023","34,295","34,080","34,295","34,050","3.15M","1.28%"
"06/01/2023","33,860","33,925","34,020","33,780","2.50M","-0.32%"
"05/31/2023","33,970","34,170","34,300","33,970","1.88M","-0.72%"
"05/30/2023","34,215","34,100","34,225","34,030","2.83M","1.35%"
"05/26/2023","33,760","33,700","33,865","33,635","2.74M","0.34%"
"05/25/2023","33,645","33,840","33,865","33,565","2.10M","-0.09%"
"05/24/2023","33,675","33,600","33,810","33,590","1.59M","-0.37%"
"05/23/2023","33,800","33,815","33,920","33,715","2.28M","0.30%"
"05/22/2023","33,700","33,485","33,840","33,425","1.76M","0.64%"
"05/21/2023","33,485","33,485","33,485","33,485","","0.00%"
"05/19/2023","33,485","33,260","33,505","33,260","2.68M","1.41%"
"05/18/2023","33,020","32,905","33,040","32,815","1.61M","0.96%"
"05/17/2023","32,705","32,540","32,805","32,530","1.43M","0.32%"
"05/16/2023","32,600","32,720","32,835","32,535","2.08M","0.28%"
"05/15/2023","32,510","32,350","32,510","32,220","2.42M","0.28%"
"05/14/2023","32,420","32,420","32,420","32,420","","0.00%"
"05/12/2023","32,420","32,455","32,580","32,355","1.79M","-0.48%"
"05/11/2023","32,575","32,780","32,895","32,575","2.19M","-0.28%"
"05/10/2023","32,665","32,860","32,860","32,535","2.07M","-0.62%"
"05/09/2023","32,870","32,910","32,925","32,760","2.17M","-0.30%"
"05/08/2023","32,970","32,920","33,070","32,875","2.90M","1.26%"
"05/04/2023","32,560","32,555","32,650","32,455","2.60M","-0.38%"
"05/03/2023","32,685","32,725","32,820","32,620","3.36M","-0.89%"
"05/02/2023","32,980","32,720","32,980","32,675","2.88M","1.09%"
"05/01/2023","32,625","32,625","32,625","32,625","","0.00%"
"04/28/2023","32,625","32,735","32,895","32,490","5.00M","0.20%"
"04/27/2023","32,560","32,470","32,580","32,160","3.01M","-1.02%"
"04/26/2023","32,895","32,905","33,045","32,830","2.08M","-0.11%"
"04/25/2023","32,930","33,430","33,475","32,765","2.88M","-1.26%"
"04/24/2023","33,350","33,470","33,520","33,325","3.20M","-0.68%"
"04/23/2023","33,580","33,580","33,580","33,580","","0.00%"
"04/21/2023","33,580","33,675","33,740","33,460","2.01M","-0.50%"
"04/20/2023","33,750","33,735","33,845","33,625","1.98M","-0.30%"
"04/19/2023","33,850","33,810","33,980","33,780","3.25M","0.07%"
"04/18/2023","33,825","33,900","33,945","33,615","3.21M","-0.15%"
"04/17/2023","33,875","33,850","33,920","33,715","3.71M","0.03%"
"04/16/2023","33,865","33,865","33,865","33,865","","0.00%"
"04/14/2023","33,865","33,950","34,090","33,760","3.16M","0.36%"
"04/13/2023","33,745","33,515","33,780","33,445","3.58M","0.19%"
"04/12/2023","33,680","33,540","33,775","33,495","2.70M","0.31%"
"04/11/2023","33,575","33,235","33,660","33,205","3.19M","1.31%"
"04/10/2023","33,140","32,805","33,295","32,765","3.29M","0.96%"
"04/09/2023","32,825","32,825","32,825","32,825","","0.00%"
"04/07/2023","32,825","32,510","32,885","32,510","3.89M","1.70%"
"04/06/2023","32,275","32,720","32,745","32,260","3.31M","-1.78%"
"04/05/2023","32,860","32,680","32,895","32,635","2.38M","0.57%"
"04/04/2023","32,675","32,555","32,780","32,510","4.11M","0.46%"
"04/03/2023","32,525","32,785","32,785","32,475","2.66M","-0.50%"
"04/02/2023","32,690","32,690","32,690","32,690","","0.00%"
"03/31/2023","32,690","32,425","32,755","32,375","3.02M","1.18%"
"03/30/2023","32,310","32,280","32,430","32,130","3.75M","0.70%"
"03/29/2023","32,085","31,975","32,100","31,885","2.11M","0.16%"
"03/28/2023","32,035","31,775","32,035","31,735","3.13M","1.17%"
"03/27/2023","31,665","31,915","31,915","31,505","3.52M","-0.46%"
"03/24/2023","31,810","31,910","31,955","31,640","4.15M","-0.34%"
"03/23/2023","31,920","31,590","31,940","31,555","3.01M","0.30%"
"03/22/2023","31,825","31,710","31,835","31,605","3.62M","1.26%"
"03/21/2023","31,430","31,525","31,600","31,360","2.56M","0.26%"
"03/20/2023","31,350","31,570","31,725","31,345","2.70M","-0.73%"
"03/19/2023","31,580","31,580","31,580","31,580","","0.00%"
"03/17/2023","31,580","31,575","31,660","31,355","3.92M","1.15%"
"03/16/2023","31,220","31,015","31,310","30,855","5.61M","-0.37%"
"03/15/2023","31,335","31,260","31,530","31,180","3.79M","1.26%"
"03/14/2023","30,945","31,380","31,390","30,920","6.42M","-2.34%"
"03/13/2023","31,685","31,575","31,760","31,205","6.01M","0.81%"
"03/12/2023","31,430","31,430","31,430","31,430","","0.00%"
"03/10/2023","31,430","31,400","31,530","31,265","6.05M","-1.09%"
"03/09/2023","31,775","32,000","32,075","31,775","4.81M","-0.31%"
"03/08/2023","31,875","32,040","32,055","31,820","5.66M","-1.42%"
"03/07/2023","32,335","32,455","32,605","32,335","3.37M","-0.52%"
"03/06/2023","32,505","32,330","32,520","32,190","2.53M","1.40%"
"03/05/2023","32,055","32,055","32,055","32,055","","0.00%"
"03/03/2023","32,055","32,160","32,205","31,915","3.96M","0.22%"
"03/02/2023","31,985","31,930","32,270","31,815","5.54M","0.25%"
"03/01/2023","31,905","31,905","31,905","31,905","","0.00%"
"02/28/2023","31,905","31,930","32,180","31,815","3.93M","0.28%"
"02/27/2023","31,815","31,810","31,825","31,545","5.52M","-0.89%"
"02/24/2023","32,100","32,330","32,520","32,080","3.34M","-0.90%"
"02/23/2023","32,390","32,110","32,515","32,100","3.96M","1.27%"
"02/22/2023","31,985","32,160","32,265","31,970","5.16M","-1.74%"
"02/21/2023","32,550","32,590","32,680","32,390","2.87M","-0.14%"
"02/20/2023","32,595","32,520","32,705","32,200","3.29M","0.34%"
"02/17/2023","32,485","32,315","32,770","32,315","3.16M","-0.88%"
"02/16/2023","32,775","32,350","32,850","32,330","4.32M","1.99%"
"02/15/2023","32,135","32,825","32,830","32,115","5.99M","-1.89%"
"02/14/2023","32,755","32,825","32,990","32,695","4.37M","0.60%"
"02/13/2023","32,560","32,585","32,675","32,340","5.85M","-0.60%"
"02/12/2023","32,755","32,755","32,755","32,755","","0.00%"
"02/10/2023","32,755","32,635","32,790","32,520","5.36M","-0.26%"
"02/09/2023","32,840","32,750","32,970","32,665","3.56M","-0.32%"
"02/08/2023","32,945","32,645","33,050","32,640","3.83M","1.56%"
"02/07/2023","32,440","32,265","32,540","32,190","2.97M","0.62%"
"02/06/2023","32,240","32,695","32,780","32,240","5.78M","-2.27%"
"02/05/2023","32,990","32,990","32,990","32,990","","0.00%"
"02/03/2023","32,990","32,795","33,080","32,660","3.73M","0.41%"
"02/02/2023","32,855","32,950","33,085","32,595","5.66M","1.08%"
"02/01/2023","32,505","32,385","32,585","32,280","4.40M","1.09%"
"01/31/2023","32,155","32,660","32,720","32,115","4.59M","-1.55%"
"01/30/2023","32,660","33,200","33,290","32,650","4.20M","-1.58%"
"01/29/2023","33,185","33,185","33,185","33,185","","-0.23%"
"01/27/2023","33,260","33,070","33,475","32,940","3.89M","0.79%"
"01/26/2023","33,000","32,580","33,035","32,500","3.77M","1.38%"
"01/25/2023","32,550","32,495","32,650","32,450","2.76M","1.58%"
"01/24/2023","32,045","32,045","32,045","32,045","","0.00%"
"01/20/2023","32,045","31,805","32,055","31,715","3.61M","0.66%"
"01/19/2023","31,835","31,470","31,840","31,470","3.20M","0.62%"
"01/18/2023","31,640","31,810","31,880","31,465","2.94M","-0.64%"
"01/17/2023","31,845","32,080","32,130","31,800","3.26M","-0.79%"
"01/16/2023","32,100","31,905","32,235","31,875","3.57M","0.80%"
"01/15/2023","31,845","31,845","31,845","31,845","","0.00%"
"01/13/2023","31,845","31,695","32,025","31,685","3.95M","0.73%"
"01/12/2023","31,615","31,715","31,750","31,445","2.89M","0.29%"
"01/11/2023","31,525","31,610","31,705","31,375","3.61M","0.17%"
"01/10/2023","31,470","31,345","31,675","31,295","4.78M","0.13%"
"01/09/2023","31,430","30,945","31,440","30,895","5.34M","2.70%"
"01/06/2023","30,605","30,070","30,765","30,070","4.83M","1.07%"
"01/05/2023","30,280","30,210","30,425","30,045","4.72M","0.80%"
"01/04/2023","30,040","29,255","30,110","29,240","5.83M","2.11%"
"01/03/2023","29,420","29,455","29,545","28,870","6.42M","0.00%"
"01/02/2023","29,420","29,665","29,830","29,390","5.00M","-0.59%"
"12/29/2022","29,595","29,970","30,010","29,595","3.53M","-1.79%"
"12/28/2022","30,135","30,355","30,395","30,100","4.30M","-1.18%"
"12/27/2022","30,495","30,410","30,565","30,355","2.87M","0.71%"
"12/26/2022","30,280","30,205","30,315","30,130","2.97M","0.15%"
"12/23/2022","30,235","30,420","30,500","30,180","3.97M","-1.72%"
"12/22/2022","30,765","30,510","30,765","30,440","3.13M","1.30%"
"12/21/2022","30,370","30,630","30,635","30,335","3.56M","-0.25%"
"12/20/2022","30,445","30,585","30,690","30,320","2.79M","-0.83%"
"12/19/2022","30,700","30,620","30,835","30,575","2.56M","0.02%"
"12/18/2022","30,695","30,695","30,695","30,695","","0.00%"
"12/16/2022","30,695","30,380","30,735","30,375","3.24M","-0.47%"
"12/15/2022","30,840","31,170","31,210","30,840","3.46M","-1.66%"
"12/14/2022","31,360","31,125","31,395","31,115","2.96M","1.13%"
"12/13/2022","31,010","31,200","31,225","30,900","3.52M","-0.08%"
"12/12/2022","31,035","31,010","31,100","30,930","2.42M","-0.62%"
"12/09/2022","31,230","31,025","31,275","30,905","4.02M","1.17%"
"12/08/2022","30,870","30,895","30,935","30,660","4.38M","0.00%"
"12/07/2022","30,870","30,935","31,065","30,850","2.47M","-0.56%"
"12/06/2022","31,045","31,175","31,370","31,025","2.91M","-1.27%"
"12/05/2022","31,445","31,655","31,750","31,355","5.23M","-0.32%"
"12/04/2022","31,545","31,545","31,545","31,545","","0.00%"
"12/02/2022","31,545","32,150","32,150","31,545","5.04M","-2.23%"
"12/01/2022","32,265","32,535","32,610","32,210","5.28M","0.59%"
"11/30/2022","32,075","31,430","32,075","31,430","2.61M","1.50%"
"11/29/2022","31,600","31,230","31,610","31,160","2.56M","1.14%"
"11/28/2022","31,245","31,430","31,440","31,165","3.68M","-1.22%"
"11/27/2022","31,630","31,630","31,630","31,630","","0.00%"
"11/25/2022","31,630","31,780","31,815","31,620","2.91M","-0.41%"
"11/24/2022","31,760","31,685","31,775","31,565","4.69M","0.94%"
"11/23/2022","31,465","31,480","31,565","31,345","4.65M","0.67%"
"11/22/2022","31,255","31,405","31,555","31,255","4.48M","-0.71%"
"11/21/2022","31,480","31,800","31,810","31,375","6.13M","-0.77%"
"11/18/2022","31,725","31,795","32,105","31,700","4.53M","-0.22%"
"11/17/2022","31,795","32,050","32,085","31,755","4.16M","-1.32%"
"11/16/2022","32,220","32,345","32,345","31,870","5.38M","-0.19%"
"11/15/2022","32,280","32,285","32,355","32,065","3.96M","0.28%"
"11/14/2022","32,190","32,435","32,520","32,170","5.61M","-0.63%"
"11/13/2022","32,395","32,395","32,395","32,395","","0.00%"
"11/11/2022","32,395","32,140","32,430","32,105","10.66M","4.01%"
"11/10/2022","31,145","31,300","31,525","31,145","5.45M","-1.25%"
"11/09/2022","31,540","31,375","31,665","31,300","6.54M","0.99%"
"11/08/2022","31,230","31,020","31,295","30,945","6.57M","1.45%"
"11/07/2022","30,785","30,555","30,830","30,485","4.93M","1.07%"
"11/06/2022","30,460","30,460","30,460","30,460","","0.00%"
"11/04/2022","30,460","30,065","30,460","29,960","5.11M","0.88%"
"11/03/2022","30,195","29,855","30,385","29,735","5.35M","-0.56%"
"11/02/2022","30,365","30,270","30,500","30,205","4.03M","-0.18%"
"11/01/2022","30,420","30,045","30,425","30,000","4.56M","1.52%"
"10/31/2022","29,965","29,845","30,035","29,675","4.26M","1.49%"
"10/30/2022","29,525","29,525","29,525","29,525","","0.00%"
"10/28/2022","29,525","29,690","29,875","29,515","5.19M","-1.63%"
"10/27/2022","30,015","29,670","30,055","29,640","7.89M","1.75%"
"10/26/2022","29,500","29,290","29,655","29,245","3.44M","0.68%"
"10/25/2022","29,300","29,295","29,510","29,210","4.12M","0.15%"
"10/24/2022","29,255","29,440","29,555","29,165","4.94M","0.93%"
"10/21/2022","28,985","28,840","29,160","28,820","4.68M","0.21%"
"10/20/2022","28,925","29,045","29,095","28,760","5.58M","-0.98%"
"10/19/2022","29,210","29,470","29,635","29,205","5.39M","-0.81%"
"10/18/2022","29,450","29,500","29,500","29,100","4.79M","1.29%"
"10/17/2022","29,075","28,670","29,120","28,600","4.56M","0.07%"
"10/16/2022","29,055","29,055","29,055","29,055","","0.00%"
"10/14/2022","29,055","28,780","29,170","28,780","7.84M","2.43%"
"10/13/2022","28,365","28,720","28,740","28,365","8.44M","-1.60%"
"10/12/2022","28,825","28,525","28,830","28,505","7.12M","0.86%"
"10/11/2022","28,580","28,600","28,605","28,330","7.40M","-2.04%"
"10/07/2022","29,175","28,970","29,320","28,905","5.70M","-0.38%"
"10/06/2022","29,285","29,200","29,435","29,100","7.27M","1.10%"
"10/05/2022","28,965","29,465","29,465","28,850","8.02M","0.02%"
"10/04/2022","28,960","28,685","29,030","28,655","3.48M","2.42%"
"09/30/2022","28,275","28,290","28,590","28,020","5.33M","-0.44%"
"09/29/2022","28,400","28,740","28,930","28,400","5.98M","0.04%"
"09/28/2022","28,390","28,770","28,995","28,160","11.13M","-2.46%"
"09/27/2022","29,105","29,075","29,130","28,770","6.65M","0.19%"
"09/26/2022","29,050","29,400","29,440","28,990","8.32M","-2.45%"
"09/25/2022","29,780","29,780","29,780","29,780","","0.00%"
"09/23/2022","29,780","30,145","30,200","29,700","6.23M","-1.23%"
"09/22/2022","30,150","30,115","30,215","29,950","9.12M","-1.08%"
"09/21/2022","30,480","30,535","30,640","30,415","4.09M","-0.93%"
"09/20/2022","30,765","30,875","31,025","30,720","3.69M","0.34%"
"09/19/2022","30,660","30,950","31,010","30,600","4.39M","-0.71%"
"09/18/2022","30,880","30,880","30,880","30,880","","0.00%"
"09/16/2022","30,880","30,805","30,945","30,715","5.20M","-0.71%"
"09/15/2022","31,100","31,345","31,390","31,065","4.66M","-0.56%"
"09/14/2022","31,275","30,990","31,415","30,920","4.55M","-1.97%"
"09/13/2022","31,905","31,495","31,985","31,435","3.57M","3.15%"
"09/08/2022","30,930","31,085","31,090","30,850","4.17M","0.19%"
"09/07/2022","30,870","31,110","31,110","30,685","7.87M","-1.45%"
"09/06/2022","31,325","31,400","31,560","31,225","5.23M","0.00%"
"09/05/2022","31,325","31,320","31,605","31,205","4.67M","0.00%"
"09/04/2022","31,325","31,325","31,325","31,325","","0.00%"
"09/02/2022","31,325","31,635","31,665","31,200","6.74M","-0.56%"
"09/01/2022","31,500","31,820","31,845","31,480","11.87M","-2.26%"
"08/31/2022","32,230","31,690","32,355","31,640","4.48M","0.77%"
"08/30/2022","31,985","31,790","32,000","31,740","2.43M","1.09%"
"08/29/2022","31,640","31,645","31,765","31,575","3.62M","-2.41%"
"08/26/2022","32,420","32,555","32,685","32,390","2.46M","0.06%"
"08/25/2022","32,400","32,150","32,400","32,115","2.81M","1.17%"
"08/24/2022","32,025","32,000","32,110","31,875","2.86M","0.41%"
"08/23/2022","31,895","32,075","32,200","31,860","2.62M","-1.25%"
"08/22/2022","32,300","32,375","32,475","32,230","3.80M","-1.30%"
"08/19/2022","32,725","32,950","32,950","32,685","2.97M","-0.58%"
"08/18/2022","32,915","32,865","32,985","32,655","4.91M","-0.38%"
"08/17/2022","33,040","33,270","33,365","33,000","4.18M","-0.51%"
"08/16/2022","33,210","33,350","33,385","33,170","4.27M","0.26%"
"08/12/2022","33,125","32,965","33,175","32,965","2.95M","0.38%"
"08/11/2022","33,000","32,830","33,000","32,825","3.43M","1.66%"
"08/10/2022","32,460","32,670","32,705","32,430","2.99M","-1.17%"
"08/09/2022","32,845","32,750","32,895","32,585","2.81M","0.32%"
"08/08/2022","32,740","32,575","32,770","32,550","2.90M","-0.18%"
"08/07/2022","32,800","32,800","32,800","32,800","","0.00%"
"08/05/2022","32,800","32,685","32,900","32,685","3.30M","0.66%"
"08/04/2022","32,585","32,635","32,690","32,465","3.96M","0.51%"
"08/03/2022","32,420","32,210","32,420","32,085","3.18M","0.70%"
"08/02/2022","32,195","32,335","32,335","32,095","3.50M","-0.54%"
"08/01/2022","32,370","32,305","32,515","32,155","3.54M","-0.05%"
"07/31/2022","32,385","32,385","32,385","32,385","","0.00%"
"07/29/2022","32,385","32,500","32,670","32,275","4.57M","0.43%"
"07/28/2022","32,245","32,345","32,470","32,145","5.16M","0.44%"
"07/27/2022","32,105","32,085","32,110","31,870","2.09M","0.03%"
"07/26/2022","32,095","31,870","32,115","31,810","2.27M","0.36%"
"07/25/2022","31,980","31,750","32,135","31,725","2.81M","0.39%"
"07/24/2022","31,855","31,855","31,855","31,855","","0.00%"
"07/22/2022","31,855","31,985","32,190","31,815","4.00M","-0.62%"
"07/21/2022","32,055","31,755","32,075","31,720","3.14M","1.09%"
"07/20/2022","31,710","31,985","32,065","31,650","4.40M","0.75%"
"07/19/2022","31,475","31,455","31,500","31,290","2.18M","-0.33%"
"07/18/2022","31,580","31,205","31,615","31,160","4.53M","2.22%"
"07/15/2022","30,895","30,900","30,935","30,335","4.66M","0.60%"
"07/14/2022","30,710","30,590","30,935","30,500","2.78M","-0.36%"
"07/13/2022","30,820","30,735","31,030","30,660","4.36M","0.52%"
"07/12/2022","30,660","30,830","30,900","30,495","3.24M","-0.95%"
"07/11/2022","30,955","31,200","31,325","30,925","4.33M","-0.56%"
"07/10/2022","31,130","31,130","31,130","31,130","","0.00%"
"07/08/2022","31,130","31,185","31,435","31,130","5.66M","0.55%"
"07/07/2022","30,960","30,590","31,145","30,525","4.00M","2.01%"
"07/06/2022","30,350","30,810","30,925","30,325","5.81M","-2.27%"
"07/05/2022","31,055","30,855","31,165","30,715","5.21M","1.59%"
"07/04/2022","30,570","30,570","30,750","30,265","6.23M","0.03%"
"07/03/2022","30,560","30,560","30,560","30,560","","0.00%"
"07/01/2022","30,560","31,050","31,175","30,335","5.40M","-1.02%"
"06/30/2022","30,875","31,280","31,280","30,870","5.97M","-1.66%"
"06/29/2022","31,395","31,555","31,655","31,365","3.77M","-1.68%"
"06/28/2022","31,930","31,725","31,930","31,560","4.11M","0.77%"
"06/27/2022","31,685","31,520","31,930","31,235","5.32M","1.28%"
"06/24/2022","31,285","30,800","31,410","30,700","8.26M","2.11%"
"06/23/2022","30,640","30,870","31,160","30,510","9.78M","-0.81%"
"06/22/2022","30,890","31,805","31,805","30,890","6.83M","-2.52%"
"06/21/2022","31,690","31,680","31,935","30,725","4.69M","0.57%"
"06/20/2022","31,510","32,240","32,430","31,265","7.36M","-1.61%"
"06/17/2022","32,025","31,680","32,105","31,570","5.00M","-0.74%"
"06/16/2022","32,265","32,695","32,930","32,220","6.46M","-0.06%"
"06/15/2022","32,285","32,805","32,865","32,080","7.53M","-1.78%"
"06/14/2022","32,870","32,410","32,955","32,410","6.62M","-0.39%"
"06/13/2022","33,000","33,510","33,610","33,000","6.82M","-3.54%"
"06/12/2022","34,210","34,210","34,210","34,210","","0.00%"
"06/10/2022","34,210","34,295","34,340","34,070","3.08M","-1.03%"
"06/09/2022","34,565","34,550","34,695","34,410","2.53M","-0.30%"
"06/08/2022","34,670","34,620","34,845","34,590","3.06M","0.22%"
"06/07/2022","34,595","35,080","35,100","34,525","3.65M","-1.86%"
"06/06/2022","35,250","35,250","35,250","35,250","","0.00%"
"06/03/2022","35,250","35,355","35,430","35,165","2.95M","0.56%"
"06/02/2022","35,055","35,240","35,275","34,980","4.32M","-1.09%"
"05/31/2022","35,440","35,240","35,505","35,075","2.70M","0.40%"
"05/30/2022","35,300","35,225","35,340","35,070","2.21M","1.31%"
"05/29/2022","34,845","34,845","34,845","34,845","","0.00%"
"05/27/2022","34,845","34,835","34,985","34,790","3.26M","1.06%"
"05/26/2022","34,480","34,595","34,945","34,355","3.73M","-0.33%"
"05/25/2022","34,595","34,660","34,825","34,430","3.55M","0.42%"
"05/24/2022","34,450","34,950","35,030","34,450","3.16M","-1.85%"
"05/23/2022","35,100","35,135","35,225","34,915","2.53M","0.33%"
"05/22/2022","34,985","34,985","34,985","34,985","","0.00%"
"05/20/2022","34,985","34,515","35,025","34,485","2.89M","1.79%"
"05/19/2022","34,370","34,125","34,450","34,060","3.65M","-1.43%"
"05/18/2022","34,870","34,990","35,145","34,770","3.17M","0.19%"
"05/17/2022","34,805","34,525","34,850","34,520","1.94M","0.97%"
"05/16/2022","34,470","34,850","34,925","34,395","4.19M","-0.39%"
"05/13/2022","34,605","34,010","34,645","33,990","3.61M","2.37%"
"05/12/2022","33,805","34,020","34,295","33,785","4.40M","-1.64%"
"05/11/2022","34,370","34,195","34,420","34,105","3.75M","-0.01%"
"05/10/2022","34,375","34,295","34,445","33,855","5.75M","-0.52%"
"05/09/2022","34,555","34,745","34,910","34,505","4.87M","-0.95%"
"05/08/2022","34,885","34,885","34,885","34,885","","0.00%"
"05/06/2022","34,885","35,010","35,010","34,785","3.70M","-1.39%"
"05/04/2022","35,375","35,450","35,570","35,245","2.93M","0.24%"
"05/03/2022","35,290","35,380","35,645","35,290","3.69M","-0.24%"
"05/02/2022","35,375","35,100","35,435","35,100","3.01M","-0.38%"
"04/29/2022","35,510","35,010","35,540","34,895","3.74M","1.50%"
"04/28/2022","34,985","34,850","34,995","34,575","4.18M","-0.44%"
"04/27/2022","35,140","35,080","35,180","34,850","3.97M","-1.18%"
"04/26/2022","35,560","35,555","35,715","35,500","2.45M","0.42%"
"04/25/2022","35,410","35,595","35,695","35,395","4.72M","-1.60%"
"04/24/2022","35,985","35,985","35,985","35,985","","0.00%"
"04/22/2022","35,985","36,060","36,095","35,840","3.48M","-1.10%"
"04/21/2022","36,385","36,340","36,585","36,315","2.24M","0.44%"
"04/20/2022","36,225","36,265","36,310","35,955","2.67M","-0.08%"
"04/19/2022","36,255","35,980","36,340","35,970","2.26M","1.17%"
"04/18/2022","35,835","35,690","35,950","35,570","2.45M","0.08%"
"04/15/2022","35,805","36,000","36,000","35,730","5.26M","-1.19%"
"04/14/2022","36,235","36,430","36,430","36,115","3.01M","-0.56%"
"04/13/2022","36,440","35,860","36,470","35,815","3.31M","1.90%"
"04/12/2022","35,760","35,850","35,990","35,620","4.61M","-0.94%"
"04/11/2022","36,100","35,960","36,240","35,830","4.48M","0.00%"
"04/10/2022","36,100","36,100","36,100","36,100","","0.00%"
"04/08/2022","36,100","36,150","36,195","35,905","4.16M","0.07%"
"04/07/2022","36,075","36,385","36,385","35,995","5.63M","-1.31%"
"04/06/2022","36,555","36,700","36,760","36,530","2.56M","-1.03%"
"04/05/2022","36,935","37,115","37,160","36,840","1.89M","-0.09%"
"04/04/2022","36,970","36,725","37,005","36,555","2.32M","0.48%"
"04/03/2022","36,795","36,795","36,795","36,795","","0.00%"
"04/01/2022","36,795","36,925","36,930","36,615","2.45M","-0.77%"
"03/31/2022","37,080","36,940","37,230","36,885","2.94M","0.31%"
"03/30/2022","36,965","37,080","37,200","36,890","3.02M","0.35%"
"03/29/2022","36,835","36,835","36,995","36,700","2.71M","0.52%"
"03/28/2022","36,645","36,500","36,745","36,300","2.48M","0.07%"
"03/27/2022","36,620","36,620","36,620","36,620","","0.00%"
"03/25/2022","36,620","36,930","36,935","36,545","2.64M","-0.41%"
"03/24/2022","36,770","36,685","36,780","36,485","3.25M","-0.46%"
"03/23/2022","36,940","36,825","37,090","36,740","3.59M","0.87%"
"03/22/2022","36,620","36,290","36,650","36,265","2.67M","0.91%"
"03/21/2022","36,290","36,850","36,850","36,250","3.63M","-1.02%"
"03/18/2022","36,665","36,485","36,685","36,405","2.84M","0.22%"
"03/17/2022","36,585","36,645","36,860","36,575","3.09M","1.51%"
"03/16/2022","36,040","35,880","36,095","35,615","3.23M","1.49%"
"03/15/2022","35,510","35,705","35,765","35,395","6.37M","-0.87%"
"03/14/2022","35,820","35,845","36,040","35,680","4.13M","-0.18%"
"03/13/2022","35,885","35,885","35,885","35,885","","0.00%"
"03/11/2022","35,885","35,915","36,030","35,695","5.40M","-0.37%"
"03/10/2022","36,020","36,000","36,170","35,905","2.37M","2.07%"
"03/08/2022","35,290","35,305","35,680","35,165","4.58M","-1.30%"
"03/07/2022","35,755","36,000","36,025","35,530","7.15M","-2.24%"
"03/04/2022","36,575","37,010","37,040","36,415","4.22M","-1.55%"
"03/03/2022","37,150","36,795","37,175","36,750","2.81M","1.91%"
"03/02/2022","36,455","36,625","36,720","36,415","3.78M","-0.41%"
"03/01/2022","36,605","36,605","36,605","36,605","","0.00%"
"02/28/2022","36,605","36,095","36,605","36,010","3.42M","0.76%"
"02/27/2022","36,330","36,330","36,330","36,330","","0.00%"
"02/25/2022","36,330","36,260","36,530","36,150","5.12M","1.13%"
"02/24/2022","35,925","36,440","36,500","35,815","7.22M","-2.62%"
"02/23/2022","36,890","37,020","37,100","36,695","3.41M","0.35%"
"02/22/2022","36,760","36,710","36,910","36,510","3.57M","-1.45%"
"02/21/2022","37,300","36,830","37,300","36,530","2.76M","0.07%"
"02/18/2022","37,275","37,020","37,375","36,905","3.36M","-0.37%"
"02/17/2022","37,415","37,290","37,740","37,010","4.99M","0.65%"
"02/16/2022","37,175","36,915","37,205","36,900","2.60M","1.81%"
"02/15/2022","36,515","36,850","36,885","36,340","3.28M","-0.61%"
"02/14/2022","36,740","36,870","37,030","36,475","3.55M","-1.34%"
"02/11/2022","37,240","37,250","37,505","37,065","2.80M","-0.93%"
"02/10/2022","37,590","37,505","37,670","37,340","2.76M","0.83%"
"02/09/2022","37,280","37,100","37,290","37,005","2.43M","1.39%"
"02/08/2022","36,770","36,990","37,160","36,505","3.00M","0.19%"
"02/07/2022","36,700","37,005","37,080","36,355","3.58M","-1.02%"
"02/06/2022","37,080","37,080","37,080","37,080","","0.00%"
"02/04/2022","37,080","36,700","37,090","36,605","3.60M","1.31%"
"02/03/2022","36,600","36,875","37,200","36,600","3.51M","0.97%"
"02/02/2022","36,250","36,250","36,250","36,250","","0.00%"
"01/28/2022","36,250","35,495","36,485","35,200","7.55M","2.68%"
"01/27/2022","35,305","36,600","36,650","35,305","8.92M","-3.46%"
"01/26/2022","36,570","36,810","37,010","36,535","5.05M","-0.31%"
"01/25/2022","36,685","37,505","37,535","36,490","9.02M","-2.43%"
"01/24/2022","37,600","37,920","38,040","37,450","4.34M","-1.13%"
"01/23/2022","38,030","38,030","38,030","38,030","","0.00%"
"01/21/2022","38,030","38,100","38,180","37,780","4.58M","-1.13%"
"01/20/2022","38,465","38,245","38,465","38,100","2.80M","0.59%"
"01/19/2022","38,240","38,255","38,630","38,120","3.75M","-0.73%"
"01/18/2022","38,520","38,940","38,995","38,410","3.51M","-0.77%"
"01/17/2022","38,820","39,105","39,145","38,600","3.60M","-0.73%"
"01/16/2022","39,105","39,105","39,105","39,105","","0.00%"
"01/14/2022","39,105","39,405","39,480","39,035","2.98M","-1.55%"
"01/13/2022","39,720","39,975","40,030","39,680","1.74M","-0.51%"
"01/12/2022","39,925","39,545","39,935","39,530","2.76M","1.64%"
"01/11/2022","39,280","39,225","39,445","39,050","2.84M","0.29%"
"01/10/2022","39,165","39,420","39,445","38,880","2.76M","-0.76%"
"01/09/2022","39,465","39,465","39,465","39,465","","0.00%"
"01/07/2022","39,465","39,225","39,550","39,145","2.23M","1.26%"
"01/06/2022","38,975","39,100","39,460","38,935","8.01M","-1.00%"
"01/05/2022","39,370","39,850","39,905","39,160","5.59M","-1.43%"
"01/04/2022","39,940","40,070","40,070","39,720","3.69M","-0.06%"
"01/03/2022","39,965","40,050","40,345","39,825","3.59M","0.24%"
"12/30/2021","39,870","40,145","40,255","39,790","2.97M","-0.61%"
"12/29/2021","40,115","40,205","40,375","40,065","3.29M","-0.22%"
"12/28/2021","40,205","40,040","40,205","39,745","4.95M","0.81%"
"12/27/2021","39,880","40,130","40,145","39,880","2.10M","-0.59%"
"12/24/2021","40,115","39,975","40,280","39,965","2.72M","0.74%"
"12/23/2021","39,820","39,840","39,860","39,610","3.00M","0.49%"
"12/22/2021","39,625","39,640","39,815","39,495","2.92M","0.53%"
"12/21/2021","39,415","39,320","39,560","39,160","3.41M","0.77%"
"12/20/2021","39,115","39,650","39,650","39,045","3.11M","-1.84%"
"12/19/2021","39,850","39,850","39,850","39,850","","0.00%"
"12/17/2021","39,850","39,510","39,880","39,390","2.57M","0.25%"
"12/16/2021","39,750","39,840","39,935","39,500","3.03M","0.58%"
"12/15/2021","39,520","39,335","39,535","39,250","2.43M","0.03%"
"12/14/2021","39,510","39,500","39,710","39,340","2.70M","-0.57%"
"12/13/2021","39,735","39,900","40,365","39,695","2.62M","0.08%"
"12/10/2021","39,705","39,785","39,895","39,620","2.02M","-0.55%"
"12/09/2021","39,925","39,755","40,070","39,730","3.54M","0.30%"
"12/08/2021","39,805","39,975","40,280","39,680","5.44M","0.44%"
"12/07/2021","39,630","39,345","39,665","39,095","4.32M","0.83%"
"12/06/2021","39,305","39,100","39,480","38,755","6.02M","0.19%"
"12/05/2021","39,230","39,230","39,230","39,230","","0.00%"
"12/03/2021","39,230","38,805","39,340","38,630","3.85M","0.76%"
"12/02/2021","38,935","38,080","38,955","37,990","3.42M","1.58%"
"12/01/2021","38,330","37,545","38,405","37,435","3.79M","2.40%"
"11/30/2021","37,430","38,540","38,620","37,095","6.06M","-2.03%"
"11/29/2021","38,205","38,115","38,510","38,005","3.21M","-0.79%"
"11/28/2021","38,510","38,510","38,510","38,510","","0.00%"
"11/26/2021","38,510","39,050","39,235","38,445","3.68M","-1.84%"
"11/25/2021","39,230","39,545","39,545","39,160","2.24M","-0.73%"
"11/24/2021","39,520","39,715","39,910","39,315","2.22M","-0.20%"
"11/23/2021","39,600","39,885","39,935","39,545","2.75M","-0.88%"
"11/22/2021","39,950","39,255","39,980","39,240","2.80M","2.32%"
"11/21/2021","39,045","39,045","39,045","39,045","","0.00%"
"11/19/2021","39,045","38,865","39,105","38,695","3.18M","0.74%"
"11/18/2021","38,760","38,760","38,990","38,665","2.56M","-0.41%"
"11/17/2021","38,920","39,490","39,495","38,870","2.32M","-1.26%"
"11/16/2021","39,415","39,470","39,650","39,260","1.96M","-0.18%"
"11/15/2021","39,485","39,300","39,560","39,230","2.31M","1.15%"
"11/12/2021","39,035","38,885","39,180","38,730","2.15M","1.06%"
"11/11/2021","38,625","38,370","38,625","38,270","2.15M","-0.01%"
"11/10/2021","38,630","38,825","39,055","38,580","2.24M","-1.06%"
"11/09/2021","39,045","38,955","39,345","38,830","2.44M","0.26%"
"11/08/2021","38,945","39,070","39,090","38,555","3.29M","-0.13%"
"11/07/2021","38,995","38,995","38,995","38,995","","0.00%"
"11/05/2021","38,995","39,455","39,520","38,770","3.91M","-0.43%"
"11/04/2021","39,165","39,315","39,545","39,095","3.03M","0.56%"
"11/03/2021","38,945","39,660","39,660","38,845","2.88M","-1.42%"
"11/02/2021","39,505","39,195","39,815","39,195","2.46M","1.33%"
"11/01/2021","38,985","39,150","39,175","38,945","1.91M","0.41%"
"10/31/2021","38,825","38,825","38,825","38,825","","0.00%"
"10/29/2021","38,825","39,625","39,635","38,740","3.41M","-1.61%"
"10/28/2021","39,460","39,540","39,735","39,445","1.63M","-0.49%"
"10/27/2021","39,655","39,865","39,930","39,515","2.86M","-0.84%"
"10/26/2021","39,990","39,840","40,060","39,730","1.95M","0.93%"
"10/25/2021","39,620","39,315","39,680","39,100","2.30M","0.52%"
"10/22/2021","39,415","39,330","39,575","39,250","1.52M","0.09%"
"10/21/2021","39,380","39,500","39,635","39,330","2.28M","-0.18%"
"10/20/2021","39,450","39,780","39,895","39,450","2.20M","-0.44%"
"10/19/2021","39,625","39,575","39,695","39,430","2.05M","0.84%"
"10/18/2021","39,295","39,465","39,495","39,025","1.96M","-0.32%"
"10/15/2021","39,420","39,290","39,530","39,265","2.57M","1.03%"
"10/14/2021","39,020","38,755","39,040","38,750","2.35M","1.26%"
"10/13/2021","38,535","38,120","38,670","38,065","2.44M","1.01%"
"10/12/2021","38,150","38,695","38,725","37,990","4.27M","-1.71%"
"10/11/2021","38,815","38,815","38,815","38,815","","0.00%"
"10/08/2021","38,815","39,070","39,090","38,760","3.12M","-0.22%"
"10/07/2021","38,900","38,600","38,995","38,590","3.95M","1.67%"
"10/06/2021","38,260","39,060","39,260","38,260","6.68M","-1.54%"
"10/05/2021","38,860","39,085","39,245","38,540","7.66M","-1.48%"
"10/04/2021","39,445","39,445","39,445","39,445","","0.00%"
"10/01/2021","39,445","39,970","40,065","39,415","4.20M","-1.87%"
"09/30/2021","40,195","39,955","40,295","39,805","4.82M","0.41%"
"09/29/2021","40,030","40,075","40,240","39,665","8.44M","-1.32%"
"09/28/2021","40,565","41,070","41,070","40,560","4.51M","-1.30%"
"09/27/2021","41,100","40,970","41,295","40,880","3.18M","0.33%"
"09/26/2021","40,965","40,965","40,965","40,965","","0.00%"
"09/24/2021","40,965","41,200","41,270","40,910","4.89M","-0.10%"
"09/23/2021","41,005","40,820","41,110","40,745","3.86M","-0.16%"
"09/22/2021","41,070","41,070","41,070","41,070","","0.00%"
"09/17/2021","41,070","40,820","41,140","40,675","2.46M","0.26%"
"09/16/2021","40,965","41,490","41,490","40,880","4.01M","-0.87%"
"09/15/2021","41,325","41,275","41,480","41,095","2.91M","0.15%"
"09/14/2021","41,265","41,160","41,510","41,160","4.03M","0.63%"
"09/13/2021","41,005","40,765","41,140","40,705","3.63M","0.22%"
"09/12/2021","40,915","40,915","40,915","40,915","","0.00%"
"09/10/2021","40,915","40,800","41,015","40,670","3.40M","0.47%"
"09/09/2021","40,725","41,330","41,370","40,695","3.97M","-1.77%"
"09/08/2021","41,460","41,675","41,805","41,390","3.63M","-0.87%"
"09/07/2021","41,825","42,040","42,055","41,675","2.69M","-0.59%"
"09/06/2021","42,075","41,975","42,125","41,835","2.75M","0.35%"
"09/05/2021","41,930","41,930","41,930","41,930","","0.00%"
"09/03/2021","41,930","41,790","42,020","41,670","2.81M","0.65%"
"09/02/2021","41,660","41,960","42,040","41,525","4.39M","-0.92%"
"09/01/2021","42,045","41,935","42,165","41,750","3.08M","0.14%"
"08/31/2021","41,985","41,205","41,985","41,005","3.68M","1.98%"
"08/30/2021","41,170","41,480","41,560","41,070","3.42M","0.24%"
"08/27/2021","41,070","40,945","41,235","40,765","3.66M","-0.06%"
"08/26/2021","41,095","41,470","41,595","41,025","2.66M","-0.75%"
"08/25/2021","41,405","41,385","41,610","41,125","2.31M","0.31%"
"08/24/2021","41,275","40,840","41,300","40,840","2.92M","1.90%"
"08/23/2021","40,505","40,420","40,825","40,260","4.18M","0.90%"
"08/22/2021","40,145","40,145","40,145","40,145","","0.00%"
"08/20/2021","40,145","40,700","40,870","39,980","6.76M","-0.97%"
"08/19/2021","40,540","41,045","41,300","40,540","5.82M","-1.99%"
"08/18/2021","41,365","41,175","41,570","40,955","3.67M","0.50%"
"08/17/2021","41,160","41,670","41,775","41,090","3.22M","-1.13%"
"08/16/2021","41,630","41,630","41,630","41,630","","0.00%"
"08/13/2021","41,630","42,245","42,275","41,455","5.94M","-1.69%"
"08/12/2021","42,345","42,505","42,595","42,200","3.57M","-0.40%"
"08/11/2021","42,515","42,785","42,920","42,490","3.47M","-0.90%"
"08/10/2021","42,900","43,325","43,325","42,755","2.36M","-0.65%"
"08/09/2021","43,180","43,190","43,350","43,035","2.52M","-0.46%"
"08/08/2021","43,380","43,380","43,380","43,380","","0.00%"
"08/06/2021","43,380","43,580","43,680","43,280","2.39M","-0.47%"
"08/05/2021","43,585","43,655","43,835","43,510","3.04M","-0.18%"
"08/04/2021","43,665","43,170","43,710","43,095","5.03M","1.41%"
"08/03/2021","43,060","42,630","43,060","42,600","2.59M","0.88%"
"08/02/2021","42,685","42,685","42,755","42,370","3.33M","0.47%"
"08/01/2021","42,485","42,485","42,485","42,485","","0.00%"
"07/30/2021","42,485","42,830","42,845","42,450","3.36M","-1.22%"
"07/29/2021","43,010","43,075","43,160","42,865","2.78M","0.01%"
"07/28/2021","43,005","42,800","43,070","42,650","2.41M","0.30%"
"07/27/2021","42,875","43,030","43,195","42,875","2.57M","0.16%"
"07/26/2021","42,805","43,405","43,405","42,805","2.38M","-1.07%"
"07/23/2021","43,270","43,260","43,400","43,140","3.61M","0.19%"
"07/22/2021","43,190","42,910","43,280","42,910","2.73M","1.24%"
"07/21/2021","42,660","43,145","43,145","42,625","3.48M","-0.51%"
"07/20/2021","42,880","42,705","42,930","42,660","2.65M","-0.33%"
"07/19/2021","43,020","43,135","43,155","42,930","2.95M","-1.13%"
"07/18/2021","43,510","43,510","43,510","43,510","","0.00%"
"07/16/2021","43,510","43,500","43,560","43,345","1.93M","-0.42%"
"07/15/2021","43,695","43,525","43,720","43,380","1.68M","0.68%"
"07/14/2021","43,400","43,400","43,465","43,225","2.07M","-0.34%"
"07/13/2021","43,550","43,380","43,565","43,380","2.18M","0.85%"
"07/12/2021","43,185","43,060","43,260","43,060","2.43M","0.90%"
"07/09/2021","42,800","42,840","43,050","42,445","7.53M","-1.06%"
"07/08/2021","43,260","43,765","43,875","43,260","4.04M","-1.04%"
"07/07/2021","43,715","43,840","43,840","43,605","2.80M","-0.63%"
"07/06/2021","43,990","43,910","44,100","43,895","2.74M","0.46%"
"07/05/2021","43,790","43,770","43,910","43,710","1.38M","0.47%"
"07/04/2021","43,585","43,585","43,585","43,585","","0.00%"
"07/02/2021","43,585","43,625","43,815","43,580","2.04M","-0.13%"
"07/01/2021","43,640","43,915","43,915","43,575","3.12M","-0.58%"
"06/30/2021","43,895","43,845","44,020","43,805","2.19M","0.35%"
"06/29/2021","43,740","43,935","43,960","43,605","2.57M","-0.39%"
"06/28/2021","43,910","44,015","44,060","43,800","1.83M","-0.10%"
"06/27/2021","43,955","43,955","43,955","43,955","","0.00%"
"06/25/2021","43,955","43,910","44,175","43,880","2.66M","0.50%"
"06/24/2021","43,735","43,640","43,855","43,635","2.19M","0.38%"
"06/23/2021","43,570","43,495","43,640","43,380","2.70M","0.52%"
"06/22/2021","43,345","43,285","43,405","43,240","2.46M","0.69%"
"06/21/2021","43,050","43,025","43,200","42,860","3.76M","-0.97%"
"06/18/2021","43,470","43,440","43,585","43,350","1.99M","0.30%"
"06/17/2021","43,340","43,350","43,420","43,165","3.71M","-0.57%"
"06/16/2021","43,590","43,270","43,650","43,260","1.99M","0.61%"
"06/15/2021","43,325","43,255","43,390","43,175","1.80M","0.23%"
"06/14/2021","43,225","43,285","43,285","43,075","2.04M","-0.05%"
"06/13/2021","43,245","43,245","43,245","43,245","","0.00%"
"06/11/2021","43,245","43,050","43,335","43,045","3.21M","0.73%"
"06/10/2021","42,930","42,815","43,060","42,745","4.23M","0.34%"
"06/09/2021","42,785","43,180","43,235","42,785","3.44M","-1.13%"
"06/08/2021","43,275","43,360","43,500","43,215","2.82M","-0.20%"
"06/07/2021","43,360","43,455","43,575","43,070","3.82M","0.36%"
"06/06/2021","43,205","43,205","43,205","43,205","","0.00%"
"06/04/2021","43,205","43,200","43,295","42,925","3.70M","-0.38%"
"06/03/2021","43,370","43,050","43,550","43,050","4.01M","0.93%"
"06/02/2021","42,970","43,015","43,260","42,925","2.88M","-0.08%"
"06/01/2021","43,005","42,760","43,240","42,700","3.85M","0.57%"
"05/31/2021","42,760","42,730","42,760","42,430","2.53M","0.39%"
"05/28/2021","42,595","42,460","42,760","42,385","3.91M","0.61%"
"05/27/2021","42,335","42,440","42,490","42,035","9.82M","-0.18%"
"05/26/2021","42,410","42,550","42,670","42,325","3.47M","-0.20%"
"05/25/2021","42,495","42,310","42,555","42,210","4.06M","0.95%"
"05/24/2021","42,095","42,170","42,340","41,990","4.76M","-0.28%"
"05/23/2021","42,215","42,215","42,215","42,215","","0.00%"
"05/21/2021","42,215","42,470","42,835","42,130","6.73M","-0.05%"
"05/20/2021","42,235","42,045","42,345","41,955","2.70M","-0.32%"
"05/19/2021","42,370","42,370","42,370","42,370","","0.00%"
"05/18/2021","42,370","42,005","42,435","42,005","2.74M","1.18%"
"05/17/2021","41,875","42,295","42,310","41,640","3.41M","-0.43%"
"05/14/2021","42,055","41,825","42,200","41,775","5.18M","0.94%"
"05/13/2021","41,665","41,590","42,090","41,480","4.56M","-1.15%"
"05/12/2021","42,150","42,880","42,880","41,850","5.27M","-1.66%"
"05/11/2021","42,860","43,310","43,385","42,695","3.95M","-1.75%"
"05/10/2021","43,625","43,140","43,730","43,050","3.96M","1.68%"
"05/09/2021","42,905","42,905","42,905","42,905","","0.00%"
"05/07/2021","42,905","42,695","43,040","42,635","3.21M","0.65%"
"05/06/2021","42,630","42,205","42,650","42,155","2.24M","0.59%"
"05/05/2021","42,380","42,380","42,380","42,380","","0.00%"
"05/04/2021","42,380","42,070","42,380","41,930","3.06M","0.84%"
"05/03/2021","42,025","42,250","42,630","41,975","3.99M","-0.64%"
"05/02/2021","42,295","42,295","42,295","42,295","","0.00%"
"04/30/2021","42,295","42,525","42,655","42,135","3.45M","-0.69%"
"04/29/2021","42,590","42,885","43,020","42,505","4.02M","-1.88%"
"04/28/2021","43,405","43,820","43,825","43,320","3.36M","-1.06%"
"04/27/2021","43,870","43,860","43,910","43,680","3.69M","0.11%"
"04/26/2021","43,820","43,540","43,830","43,500","3.26M","0.91%"
"04/25/2021","43,425","43,425","43,425","43,425","","0.00%"
"04/23/2021","43,425","43,170","43,550","42,925","2.74M","0.06%"
"04/22/2021","43,400","43,520","43,690","43,355","4.18M","0.15%"
"04/21/2021","43,335","43,840","43,905","43,195","8.94M","-1.79%"
"04/20/2021","44,125","43,760","44,170","43,760","2.40M","0.63%"
"04/19/2021","43,850","43,855","44,120","43,730","3.44M","-0.01%"
"04/16/2021","43,855","44,025","44,040","43,715","4.58M","-0.06%"
"04/15/2021","43,880","43,765","44,135","43,725","4.24M","0.09%"
"04/14/2021","43,840","43,660","43,895","43,480","3.53M","0.69%"
"04/13/2021","43,540","43,060","43,690","43,045","3.40M","1.14%"
"04/12/2021","43,050","43,200","43,255","42,950","3.94M","0.00%"
"04/09/2021","43,050","43,290","43,475","42,945","5.79M","-0.47%"
"04/08/2021","43,255","43,230","43,350","43,065","4.08M","-0.09%"
"04/07/2021","43,295","43,270","43,445","43,135","3.76M","0.24%"
"04/06/2021","43,190","43,380","43,405","42,960","3.65M","0.14%"
"04/05/2021","43,130","43,200","43,260","42,880","3.42M","0.20%"
"04/04/2021","43,045","43,045","43,045","43,045","","0.00%"
"04/02/2021","43,045","42,920","43,190","42,895","4.21M","1.12%"
"04/01/2021","42,570","42,485","42,650","42,315","4.17M","0.91%"
"03/31/2021","42,185","42,410","42,695","42,175","5.58M","-0.27%"
"03/30/2021","42,300","41,940","42,455","41,940","3.64M","1.12%"
"03/29/2021","41,830","42,050","42,060","41,670","4.66M","-0.18%"
"03/28/2021","41,905","41,905","41,905","41,905","","0.00%"
"03/26/2021","41,905","41,685","41,955","41,575","5.39M","0.93%"
"03/25/2021","41,520","41,230","41,795","41,210","8.40M","0.44%"
"03/24/2021","41,340","41,265","41,515","41,015","3.79M","-0.46%"
"03/23/2021","41,530","42,180","42,270","41,485","4.98M","-0.94%"
"03/22/2021","41,925","42,025","42,095","41,615","4.27M","0.17%"
"03/21/2021","41,855","41,855","41,855","41,855","","0.00%"
"03/19/2021","41,855","41,715","42,075","41,645","7.36M","-1.05%"
"03/18/2021","42,300","42,320","42,715","42,300","7.11M","0.73%"
"03/17/2021","41,995","42,340","42,355","41,730","6.16M","-0.79%"
"03/16/2021","42,330","42,180","42,435","42,090","4.02M","0.83%"
"03/15/2021","41,980","42,230","42,315","41,935","6.66M","-0.49%"
"03/14/2021","42,185","42,185","42,185","42,185","","0.00%"
"03/12/2021","42,185","42,255","42,415","42,015","4.80M","0.88%"
"03/11/2021","41,815","41,145","41,935","41,130","5.59M","2.04%"
"03/10/2021","40,980","41,760","41,760","40,875","7.05M","-0.57%"
"03/09/2021","41,215","41,485","41,540","40,565","10.74M","-0.63%"
"03/08/2021","41,475","42,250","42,250","41,390","6.42M","-0.94%"
"03/07/2021","41,870","41,870","41,870","41,870","","0.00%"
"03/05/2021","41,870","41,470","42,005","41,235","7.80M","-0.53%"
"03/04/2021","42,095","42,095","42,435","41,790","5.43M","-1.28%"
"03/03/2021","42,640","42,070","42,650","41,925","4.49M","1.11%"
"03/02/2021","42,170","42,705","42,920","41,835","6.65M","1.11%"
"02/26/2021","41,705","41,960","41,995","41,325","8.44M","-2.76%"
"02/25/2021","42,890","42,010","42,920","41,960","7.32M","3.64%"
"02/24/2021","41,385","42,250","42,680","41,350","9.32M","-2.13%"
"02/23/2021","42,285","42,050","42,615","41,730","6.50M","-0.11%"
"02/22/2021","42,330","43,055","43,260","42,290","6.96M","-1.05%"
"02/21/2021","42,780","42,780","42,780","42,780","","0.00%"
"02/19/2021","42,780","42,440","42,805","41,720","8.69M","0.87%"
"02/18/2021","42,410","42,950","43,125","42,385","7.37M","-1.43%"
"02/17/2021","43,025","43,255","43,270","42,735","15.79M","-1.08%"
"02/16/2021","43,495","43,475","43,870","43,280","6.80M","0.44%"
"02/15/2021","43,305","43,305","43,510","43,145","5.15M","1.46%"
"02/10/2021","42,680","42,525","42,795","42,095","5.07M","0.70%"
"02/09/2021","42,385","42,835","43,145","42,385","7.00M","-0.34%"
"02/08/2021","42,530","42,905","43,090","42,475","5.63M","-0.98%"
"02/07/2021","42,950","42,950","42,950","42,950","","0.00%"
"02/05/2021","42,950","42,660","43,030","42,385","11.71M","1.27%"
"02/04/2021","42,410","43,030","43,030","42,125","17.20M","-1.67%"
"02/03/2021","43,130","43,125","43,405","42,580","8.52M","0.83%"
"02/02/2021","42,775","42,600","43,400","42,330","10.18M","1.48%"
"02/01/2021","42,150","41,000","42,170","40,705","9.25M","2.49%"
"01/31/2021","41,125","41,125","41,125","41,125","","0.00%"
"01/29/2021","41,125","42,555","42,620","40,910","12.09M","-2.25%"
"01/28/2021","42,070","42,155","42,645","41,830","9.69M","-1.96%"
"01/27/2021","42,910","43,370","43,805","42,775","8.65M","-0.34%"
"01/26/2021","43,055","44,160","44,195","42,855","10.47M","-2.72%"
"01/25/2021","44,260","43,405","44,320","43,265","5.23M","2.39%"
"01/24/2021","43,225","43,225","43,225","43,225","","0.00%"
"01/22/2021","43,225","43,675","43,930","43,225","7.87M","-0.70%"
"01/21/2021","43,530","43,300","43,590","43,010","7.50M","1.47%"
"01/20/2021","42,900","43,410","43,495","42,445","8.82M","0.57%"
"01/19/2021","42,655","41,785","42,950","41,590","8.16M","2.63%"
"01/18/2021","41,560","42,095","42,495","41,455","10.51M","-2.33%"
"01/17/2021","42,550","42,550","42,550","42,550","","0.00%"
"01/15/2021","42,550","43,735","44,185","42,535","10.72M","-2.20%"
"01/14/2021","43,505","43,340","43,830","43,240","7.62M","-0.13%"
"01/13/2021","43,560","43,360","43,895","43,015","10.44M","0.57%"
"01/12/2021","43,315","43,430","43,725","42,125","23.04M","-0.78%"
"01/11/2021","43,655","44,000","45,370","42,930","21.47M","0.25%"
"01/10/2021","43,545","43,545","43,545","43,545","","0.00%"
"01/08/2021","43,545","42,245","43,785","42,115","11.50M","4.42%"
"01/07/2021","41,700","41,210","42,040","41,190","7.37M","2.33%"
"01/06/2021","40,750","41,270","41,680","40,595","12.96M","-0.97%"
"01/05/2021","41,150","40,325","41,150","40,200","7.67M","1.50%"
"01/04/2021","40,540","39,585","40,615","39,405","11.26M","2.63%"
"12/30/2020","39,500","38,520","39,590","38,440","11.46M","2.11%"
"12/29/2020","38,685","38,395","38,720","37,940","14.78M","1.70%"
"12/28/2020","38,040","38,090","38,370","37,890","9.81M","0.50%"
"12/27/2020","37,850","37,850","37,850","37,850","","0.00%"
"12/24/2020","37,850","37,180","37,985","37,180","8.71M","1.99%"
"12/23/2020","37,110","36,780","37,160","36,465","9.00M","1.42%"
"12/22/2020","36,590","37,055","37,145","36,590","7.72M","-1.63%"
"12/21/2020","37,195","37,205","37,225","36,740","9.44M","0.12%"
"12/20/2020","37,150","37,150","37,150","37,150","","0.00%"
"12/18/2020","37,150","37,290","37,315","37,055","5.64M","-0.13%"
"12/17/2020","37,200","37,260","37,270","36,815","6.69M","-0.09%"
"12/16/2020","37,235","37,370","37,465","37,130","5.79M","0.42%"
"12/15/2020","37,080","37,100","37,150","36,710","11.82M","0.00%"
"12/14/2020","37,080","37,250","37,430","37,035","9.83M","-0.39%"
"12/13/2020","37,225","37,225","37,225","37,225","","0.00%"
"12/11/2020","37,225","37,145","37,400","37,120","9.71M","0.87%"
"12/10/2020","36,905","36,780","37,240","36,575","9.62M","-0.79%"
"12/09/2020","37,200","36,580","37,200","36,535","12.67M","2.31%"
"12/08/2020","36,360","36,915","36,935","36,360","12.67M","-1.60%"
"12/07/2020","36,950","37,060","37,115","36,510","17.24M","0.54%"
"12/06/2020","36,750","36,750","36,750","36,750","","0.00%"
"12/04/2020","36,750","36,245","36,965","36,235","9.77M","1.79%"
"12/03/2020","36,105","35,970","36,145","35,825","10.58M","0.71%"
"12/02/2020","35,850","35,405","35,900","35,360","6.35M","1.75%"
"12/01/2020","35,235","34,900","35,335","34,890","5.41M","1.59%"
"11/30/2020","34,685","35,330","35,470","34,685","12.90M","-1.52%"
"11/29/2020","35,220","35,220","35,220","35,220","","0.00%"
"11/27/2020","35,220","35,140","35,270","35,025","7.08M","0.23%"
"11/26/2020","35,140","34,780","35,140","34,690","6.87M","0.99%"
"11/25/2020","34,795","35,225","35,340","34,615","9.20M","-0.59%"
"11/24/2020","35,000","34,935","35,210","34,820","8.70M","0.55%"
"11/23/2020","34,810","34,150","34,850","34,055","7.55M","2.29%"
"11/22/2020","34,030","34,030","34,030","34,030","","0.00%"
"11/20/2020","34,030","33,925","34,140","33,845","6.32M","0.10%"
"11/19/2020","33,995","33,815","34,005","33,725","6.33M","0.13%"
"11/18/2020","33,950","34,000","34,145","33,875","6.09M","-0.10%"
"11/17/2020","33,985","34,080","34,205","33,895","8.46M","-0.03%"
"11/16/2020","33,995","33,505","34,085","33,420","7.69M","2.13%"
"11/13/2020","33,285","32,815","33,295","32,780","6.86M","1.05%"
"11/12/2020","32,940","33,085","33,135","32,840","9.63M","-0.48%"
"11/11/2020","33,100","32,695","33,155","32,665","8.79M","1.61%"
"11/10/2020","32,575","32,735","32,735","32,350","9.89M","-0.02%"
"11/09/2020","32,580","32,485","32,825","32,465","8.03M","1.26%"
"11/06/2020","32,175","32,220","32,420","32,085","8.52M","0.25%"
"11/05/2020","32,095","31,600","32,120","31,535","6.67M","2.20%"
"11/04/2020","31,405","31,420","31,580","31,155","12.01M","0.62%"
"11/03/2020","31,210","30,725","31,245","30,720","4.52M","1.99%"
"11/02/2020","30,600","30,210","30,630","30,180","6.18M","1.53%"
"11/01/2020","30,140","30,140","30,140","30,140","","0.00%"
"10/30/2020","30,140","30,860","30,875","30,140","13.72M","-2.71%"
"10/29/2020","30,980","30,915","31,010","30,635","7.37M","-1.20%"
"10/28/2020","31,355","31,075","31,360","30,980","4.94M","0.53%"
"10/27/2020","31,190","31,235","31,425","31,120","5.44M","-0.86%"
"10/26/2020","31,460","31,615","31,725","31,430","6.50M","-0.19%"
"10/25/2020","31,520","31,520","31,520","31,520","","0.00%"
"10/23/2020","31,520","31,535","31,625","31,280","4.93M","0.37%"
"10/22/2020","31,405","31,445","31,460","31,220","5.07M","-0.68%"
"10/21/2020","31,620","31,575","31,710","31,470","6.81M","0.32%"
"10/20/2020","31,520","31,165","31,520","31,050","7.30M","0.70%"
"10/19/2020","31,300","31,330","31,550","31,280","6.58M","0.22%"
"10/16/2020","31,230","31,490","31,560","31,020","6.42M","-0.59%"
"10/15/2020","31,415","31,595","31,625","31,275","5.25M","-0.74%"
"10/14/2020","31,650","32,000","32,020","31,590","6.82M","-0.99%"
"10/13/2020","31,965","32,130","32,170","31,725","7.94M","0.08%"
"10/12/2020","31,940","32,015","32,055","31,845","6.25M","0.41%"
"10/11/2020","31,810","31,810","31,810","31,810","","0.00%"
"10/08/2020","31,810","32,020","32,080","31,710","5.81M","0.03%"
"10/07/2020","31,800","31,300","31,815","31,255","4.84M","0.97%"
"10/06/2020","31,495","31,550","31,710","31,395","6.00M","0.22%"
"10/05/2020","31,425","31,070","31,540","31,015","8.15M","1.09%"
"10/04/2020","31,085","31,085","31,085","31,085","","0.00%"
"09/29/2020","31,085","31,105","31,195","30,940","9.89M","0.94%"
"09/28/2020","30,795","30,645","30,870","30,525","4.16M","1.47%"
"09/25/2020","30,350","30,425","30,490","30,205","8.26M","0.45%"
"09/24/2020","30,215","30,535","30,645","30,200","18.31M","-2.31%"
"09/23/2020","30,930","31,005","31,085","30,325","16.35M","0.37%"
"09/22/2020","30,815","31,495","31,560","30,680","14.94M","-2.33%"
"09/21/2020","31,550","31,780","32,060","31,465","6.27M","-0.85%"
"09/20/2020","31,820","31,820","31,820","31,820","","0.00%"
"09/18/2020","31,820","31,850","31,915","31,625","6.62M","0.33%"
"09/17/2020","31,715","32,120","32,155","31,655","9.85M","-1.48%"
"09/16/2020","32,190","32,255","32,380","32,130","7.84M","-0.28%"
"09/15/2020","32,280","32,135","32,310","32,005","8.06M","0.78%"
"09/14/2020","32,030","31,885","32,080","31,815","5.44M","1.34%"
"09/13/2020","31,605","31,605","31,605","31,605","","0.00%"
"09/11/2020","31,605","31,475","31,635","31,285","7.40M","-0.06%"
"09/10/2020","31,625","31,625","31,760","31,530","6.85M","0.96%"
"09/09/2020","31,325","31,335","31,555","31,270","5.17M","-1.23%"
"09/08/2020","31,715","31,580","31,715","31,450","5.92M","1.28%"
"09/07/2020","31,315","31,175","31,410","31,055","4.56M","0.45%"
"09/04/2020","31,175","30,810","31,225","30,790","4.79M","-1.39%"
"09/03/2020","31,615","31,440","31,730","31,420","5.52M","1.51%"
"09/02/2020","31,145","31,195","31,290","30,840","5.28M","0.52%"
"09/01/2020","30,985","30,805","31,100","30,750","4.54M","0.78%"
"08/31/2020","30,745","31,480","31,615","30,745","6.35M","-1.62%"
"08/28/2020","31,250","31,305","31,600","31,075","5.05M","0.53%"
"08/27/2020","31,085","31,435","31,485","31,085","5.04M","-0.89%"
"08/26/2020","31,365","31,330","31,490","30,965","5.36M","0.02%"
"08/25/2020","31,360","31,180","31,415","31,040","5.53M","1.31%"
"08/24/2020","30,955","30,690","31,010","30,360","5.17M","1.11%"
"08/23/2020","30,615","30,615","30,615","30,615","","0.00%"
"08/21/2020","30,615","30,510","30,980","30,305","5.61M","1.51%"
"08/20/2020","30,160","31,110","31,255","30,115","7.31M","-3.86%"
"08/19/2020","31,370","31,480","31,690","31,330","5.12M","0.35%"
"08/18/2020","31,260","32,035","32,170","31,165","5.48M","-2.07%"
"08/17/2020","31,920","31,920","31,920","31,920","","0.00%"
"08/14/2020","31,920","32,215","32,255","31,635","6.99M","-1.05%"
"08/13/2020","32,260","32,605","32,625","31,925","7.30M","-0.05%"
"08/12/2020","32,275","31,985","32,275","31,735","6.39M","0.55%"
"08/11/2020","32,100","31,775","32,275","31,715","7.72M","1.26%"
"08/10/2020","31,700","31,180","31,760","31,145","7.56M","1.49%"
"08/09/2020","31,235","31,235","31,235","31,235","","0.00%"
"08/07/2020","31,235","31,200","31,395","30,965","6.37M","0.42%"
"08/06/2020","31,105","30,720","31,280","30,720","6.41M","1.58%"
"08/05/2020","30,620","30,375","30,625","30,270","4.86M","1.09%"
"08/04/2020","30,290","30,110","30,405","30,105","4.12M","1.20%"
"08/03/2020","29,930","29,935","30,015","29,740","3.75M","0.00%"
"08/02/2020","29,930","29,930","29,930","29,930","","0.00%"
"07/31/2020","29,930","30,295","30,415","29,880","4.59M","-0.80%"
"07/30/2020","30,170","30,250","30,400","30,160","3.65M","-0.05%"
"07/29/2020","30,185","30,030","30,380","30,005","5.71M","0.52%"
"07/28/2020","30,030","29,625","30,190","29,625","6.08M","2.09%"
"07/27/2020","29,415","29,085","29,580","29,070","3.80M","0.96%"
"07/26/2020","29,135","29,135","29,135","29,135","","0.00%"
"07/24/2020","29,135","29,050","29,320","29,005","2.68M","-0.55%"
"07/23/2020","29,295","29,480","29,480","29,095","4.97M","-0.59%"
"07/22/2020","29,470","29,570","29,685","29,420","4.88M","-0.37%"
"07/21/2020","29,580","29,420","29,695","29,390","4.86M","1.46%"
"07/20/2020","29,155","29,310","29,355","28,965","3.21M","-0.24%"
"07/19/2020","29,225","29,225","29,225","29,225","","0.00%"
"07/17/2020","29,225","29,045","29,270","29,040","3.89M","0.76%"
"07/16/2020","29,005","29,325","29,340","28,920","4.56M","-1.09%"
"07/15/2020","29,325","29,350","29,535","29,175","4.94M","1.00%"
"07/14/2020","29,035","28,875","29,035","28,755","3.59M","-0.15%"
"07/13/2020","29,080","28,830","29,105","28,725","3.13M","1.91%"
"07/10/2020","28,535","28,870","28,890","28,405","4.59M","-0.97%"
"07/09/2020","28,815","28,825","29,030","28,785","4.89M","0.47%"
"07/08/2020","28,680","28,765","28,895","28,600","4.85M","-0.30%"
"07/07/2020","28,765","29,280","29,365","28,745","5.36M","-1.20%"
"07/06/2020","29,115","28,735","29,180","28,690","5.38M","1.53%"
"07/05/2020","28,675","28,675","28,675","28,675","","0.00%"
"07/03/2020","28,675","28,550","28,690","28,400","3.07M","0.83%"
"07/02/2020","28,440","28,165","28,440","28,145","2.92M","1.26%"
"07/01/2020","28,085","28,385","28,415","28,005","4.42M","0.05%"
"06/30/2020","28,070","28,230","28,430","28,070","6.17M","0.86%"
"06/29/2020","27,830","27,935","28,195","27,730","8.48M","-1.61%"
"06/28/2020","28,285","28,285","28,285","28,285","","0.00%"
"06/26/2020","28,285","28,165","28,425","28,005","12.52M","1.40%"
"06/25/2020","27,895","28,190","28,375","27,895","12.68M","-2.52%"
"06/24/2020","28,615","28,290","28,780","28,280","6.33M","1.63%"
"06/23/2020","28,155","28,310","28,550","27,880","10.27M","0.27%"
"06/22/2020","28,080","28,025","28,325","27,985","4.98M","-0.71%"
"06/21/2020","28,280","28,280","28,280","28,280","","0.00%"
"06/19/2020","28,280","28,450","28,480","27,805","8.63M","0.35%"
"06/18/2020","28,180","28,135","28,300","27,955","5.72M","-0.28%"
"06/17/2020","28,260","28,275","28,465","27,795","9.74M","-0.28%"
"06/16/2020","28,340","27,390","28,340","27,355","11.37M","6.14%"
"06/15/2020","26,700","27,800","28,025","26,700","16.31M","-5.03%"
"06/14/2020","28,115","28,115","28,115","28,115","","0.00%"
"06/12/2020","28,115","27,670","28,185","27,570","11.77M","-2.04%"
"06/11/2020","28,700","28,950","29,185","28,390","7.93M","-1.64%"
"06/10/2020","29,180","29,080","29,300","28,965","5.69M","0.31%"
"06/09/2020","29,090","29,290","29,485","28,785","6.79M","0.05%"
"06/08/2020","29,075","29,500","29,635","28,975","8.30M","-0.14%"
"06/07/2020","29,115","29,115","29,115","29,115","","0.00%"
"06/05/2020","29,115","28,565","29,145","28,480","8.45M","1.68%"
"06/04/2020","28,635","28,965","29,280","28,535","10.18M","0.12%"
"06/03/2020","28,600","27,830","28,775","27,830","9.23M","3.66%"
"06/02/2020","27,590","27,305","27,635","27,240","5.63M","1.04%"
"06/01/2020","27,305","26,840","27,305","26,840","5.65M","1.98%"
"05/31/2020","26,775","26,775","26,775","26,775","","0.00%"
"05/29/2020","26,775","26,650","26,950","26,520","6.20M","-0.19%"
"05/28/2020","26,825","26,940","27,110","26,510","8.59M","0.30%"
"05/27/2020","26,745","26,605","26,885","26,555","6.86M","0.06%"
"05/26/2020","26,730","26,295","26,730","26,280","7.19M","1.81%"
"05/25/2020","26,255","26,070","26,260","25,885","5.20M","1.25%"
"05/24/2020","25,930","25,930","25,930","25,930","","0.00%"
"05/22/2020","25,930","26,375","26,410","25,815","6.83M","-1.69%"
"05/21/2020","26,375","26,420","26,465","26,300","4.77M","0.44%"
"05/20/2020","26,260","26,095","26,335","26,075","4.17M","0.23%"
"05/19/2020","26,200","26,110","26,260","26,020","6.47M","2.58%"
"05/18/2020","25,540","25,505","25,620","25,285","5.15M","0.65%"
"05/17/2020","25,375","25,375","25,375","25,375","","0.00%"
"05/15/2020","25,375","25,525","25,525","25,190","5.12M","0.24%"
"05/14/2020","25,315","25,350","25,420","25,170","4.35M","-1.06%"
"05/13/2020","25,585","25,000","25,585","24,965","5.36M","1.15%"
"05/12/2020","25,295","25,505","25,530","25,075","6.34M","-0.71%"
"05/11/2020","25,475","25,720","25,885","25,440","4.13M","-0.72%"
"05/10/2020","25,660","25,660","25,660","25,660","","0.00%"
"05/08/2020","25,660","25,610","25,845","25,610","5.43M","0.86%"
"05/07/2020","25,440","25,405","25,625","25,315","5.37M","-0.24%"
"05/06/2020","25,500","25,500","25,500","25,125","6.95M","1.86%"
"05/05/2020","25,035","25,035","25,035","25,035","","0.00%"
"05/04/2020","25,035","25,320","25,385","25,000","8.16M","-3.04%"
"05/03/2020","25,820","25,820","25,820","25,820","","0.00%"
"04/29/2020","25,820","25,680","25,995","25,605","7.23M","0.66%"
"04/28/2020","25,650","25,590","25,740","25,335","6.00M","-1.04%"
"04/27/2020","25,920","25,505","26,020","25,465","6.06M","1.99%"
"04/26/2020","25,415","25,415","25,415","25,415","","0.00%"
"04/24/2020","25,415","25,650","25,705","25,300","5.66M","-1.49%"
"04/23/2020","25,800","25,710","25,950","25,555","12.78M","0.98%"
"04/22/2020","25,550","24,990","25,650","24,855","17.97M","0.87%"
"04/21/2020","25,330","25,490","25,595","24,910","17.16M","-1.11%"
"04/20/2020","25,615","25,890","25,980","25,545","7.16M","-1.20%"
"04/19/2020","25,925","25,925","25,925","25,925","","0.00%"
"04/17/2020","25,925","25,675","26,135","25,650","10.77M","3.04%"
"04/16/2020","25,160","24,895","25,205","24,750","7.82M","0.00%"
"04/15/2020","25,160","25,160","25,160","25,160","","0.00%"
"04/14/2020","25,160","24,940","25,295","24,855","11.60M","1.74%"
"04/13/2020","24,730","25,085","25,085","24,720","18.85M","-1.71%"
"04/12/2020","25,160","25,160","25,160","25,160","","0.00%"
"04/10/2020","25,160","24,900","25,195","24,820","10.58M","0.84%"
"04/09/2020","24,950","24,990","25,030","24,685","15.41M","1.59%"
"04/08/2020","24,560","24,795","25,115","24,560","10.07M","-1.46%"
"04/07/2020","24,925","24,910","25,190","24,495","11.47M","1.57%"
"04/06/2020","24,540","23,835","24,580","23,810","12.55M","3.98%"
"04/05/2020","23,600","23,600","23,600","23,600","","0.00%"
"04/03/2020","23,600","23,710","23,865","23,315","12.64M","-0.25%"
"04/02/2020","23,660","23,075","23,665","22,755","12.98M","3.07%"
"04/01/2020","22,955","23,870","24,145","22,955","16.35M","-4.69%"
"03/31/2020","24,085","23,815","24,140","23,640","11.78M","1.77%"
"03/30/2020","23,665","23,060","23,910","22,915","13.60M","-0.59%"
"03/29/2020","23,805","23,805","23,805","23,805","","0.00%"
"03/27/2020","23,805","24,230","24,350","23,010","15.42M","2.41%"
"03/26/2020","23,245","23,695","24,050","22,885","14.35M","-1.94%"
"03/25/2020","23,705","23,090","23,760","22,780","31.12M","5.73%"
"03/24/2020","22,420","21,100","22,420","20,795","17.51M","9.29%"
"03/23/2020","20,515","20,230","21,020","20,190","21.98M","-5.87%"
"03/22/2020","21,795","21,795","21,795","21,795","","0.00%"
"03/20/2020","21,795","20,825","21,795","20,385","24.12M","7.68%"
"03/19/2020","20,240","22,335","22,490","19,945","51.92M","-7.33%"
"03/18/2020","21,840","23,120","23,295","21,840","21.32M","-5.50%"
"03/17/2020","23,110","22,775","23,815","22,595","39.54M","-2.24%"
"03/16/2020","23,640","24,700","24,970","23,570","23.59M","-3.63%"
"03/15/2020","24,530","24,530","24,530","24,530","","0.00%"
"03/13/2020","24,530","23,225","25,045","23,060","20.13M","-2.58%"
"03/12/2020","25,180","25,860","25,910","24,700","20.03M","-3.36%"
"03/11/2020","26,055","26,810","26,870","25,945","12.15M","-2.98%"
"03/10/2020","26,855","26,660","26,940","26,495","11.91M","0.56%"
"03/09/2020","26,705","27,000","27,120","26,525","9.08M","-4.21%"
"03/06/2020","27,880","28,075","28,190","27,745","6.05M","-2.00%"
"03/05/2020","28,450","28,370","28,580","28,125","4.66M","0.89%"
"03/04/2020","28,200","27,360","28,245","27,360","4.17M","2.27%"
"03/03/2020","27,575","28,065","28,130","27,440","6.67M","0.46%"
"03/02/2020","27,450","27,325","27,615","26,980","6.92M","0.96%"
"03/01/2020","27,190","27,190","27,190","27,190","","0.00%"
"02/28/2020","27,190","27,685","27,780","27,135","16.58M","-3.22%"
"02/27/2020","28,095","28,380","28,470","28,000","9.11M","-1.04%"
"02/26/2020","28,390","28,390","28,565","28,185","7.62M","-1.46%"
"02/25/2020","28,810","28,480","28,820","28,350","6.87M","1.11%"
"02/24/2020","28,495","29,110","29,110","28,475","10.89M","-3.77%"
"02/23/2020","29,610","29,610","29,610","29,610","","0.00%"
"02/21/2020","29,610","29,620","29,880","29,540","4.49M","-1.43%"
"02/20/2020","30,040","30,390","30,480","29,860","3.51M","-0.51%"
"02/19/2020","30,195","30,300","30,360","29,915","4.50M","0.18%"
"02/18/2020","30,140","30,400","30,470","30,095","3.54M","-1.58%"
"02/17/2020","30,625","30,600","30,760","30,470","2.38M","-0.08%"
"02/14/2020","30,650","30,410","30,770","30,265","3.45M","0.61%"
"02/13/2020","30,465","30,610","30,790","30,385","5.64M","-0.25%"
"02/12/2020","30,540","30,255","30,590","30,170","4.14M","0.83%"
"02/11/2020","30,290","30,095","30,480","30,095","3.59M","0.97%"
"02/10/2020","30,000","29,815","30,030","29,690","3.07M","-0.53%"
"02/07/2020","30,160","30,350","30,350","29,970","2.88M","-0.84%"
"02/06/2020","30,415","29,855","30,465","29,810","5.43M","2.98%"
"02/05/2020","29,535","29,690","29,765","29,380","5.93M","0.49%"
"02/04/2020","29,390","28,900","29,475","28,875","6.79M","1.71%"
"02/03/2020","28,895","28,540","28,995","28,400","6.32M","0.10%"
"02/02/2020","28,865","28,865","28,865","28,865","","0.00%"
"01/31/2020","28,865","29,370","29,485","28,865","3.34M","-1.06%"
"01/30/2020","29,175","29,695","29,765","29,095","5.56M","-2.05%"
"01/29/2020","29,785","29,815","29,940","29,635","2.79M","0.34%"
"01/28/2020","29,685","29,900","30,055","29,535","8.06M","-3.04%"
"01/23/2020","30,615","30,820","30,860","30,590","3.19M","-1.31%"
"01/22/2020","31,020","30,550","31,050","30,535","3.64M","1.32%"
"01/21/2020","30,615","30,935","30,995","30,580","2.86M","-1.11%"
"01/20/2020","30,960","30,865","31,135","30,850","3.65M","0.75%"
"01/17/2020","30,730","30,815","30,995","30,665","4.17M","0.23%"
"01/16/2020","30,660","30,350","30,670","30,315","3.86M","1.02%"
"01/15/2020","30,350","30,460","30,500","30,300","3.36M","-0.59%"
"01/14/2020","30,530","30,545","30,740","30,505","4.67M","0.48%"
"01/13/2020","30,385","30,075","30,405","30,055","3.58M","1.03%"
"01/10/2020","30,075","29,830","30,100","29,825","3.37M","0.82%"
"01/09/2020","29,830","29,745","29,830","29,635","2.15M","1.67%"
"01/08/2020","29,340","29,305","29,500","29,150","4.29M","-0.64%"
"01/07/2020","29,530","29,430","29,645","29,360","2.68M","1.01%"
"01/06/2020","29,235","29,255","29,340","29,175","3.48M","-0.76%"
"01/03/2020","29,460","29,725","29,890","29,305","4.65M","-0.02%"
"01/02/2020","29,465","29,805","29,880","29,410","3.54M","-1.06%"